MegaDot v4.5.1.m.12.mono.custom_build - https://godotengine.org
D3D12 12_0 - Forward+ - Using Device #0: NVIDIA - NVIDIA GeForce RTX 2060
WARNING: PSO caching is not implemented yet in the Direct3D 12 driver.
   at: pipeline_cache_create (drivers/d3d12/rendering_device_driver_d3d12.cpp:4469)

FMOD Sound System: Successfully initialized
[INFO] Found release_info.json at: C:\Program Files (x86)\Steam\steamapps\common\Slay the Spire 2\release_info.json
[INFO] [Sentry.NET] Initialized: env=development, release=v0.107.0
[INFO] Steamworks: attempting initialization...
[INFO] Steam is running: True
[INFO] Steamworks initialization succeeded!
[INFO] Steam is enabled, we will write saves to steam storage. Enabled for account: True, app: True 
[INFO] Registered 11 migrations
[INFO] Current save versions: PrefsSave v2; ProfileSave v2; SerializableProgress v21; RunHistory v9; SerializableRun v16; SettingsSave v5
[INFO] Found mod manifest file C:\Program Files (x86)\Steam\steamapps\common\Slay the Spire 2\mods\mods\BaseLib\BaseLib.json
[INFO] Found mod manifest file C:\Program Files (x86)\Steam\steamapps\common\Slay the Spire 2\mods\mods\DiceTheSpire\DiceTheSpire.json
[INFO] Found mod manifest file C:\Program Files (x86)\Steam\steamapps\common\Slay the Spire 2\mods\mods\DiceTheSpireCore\DiceTheSpireCore.json
[INFO] Found mod manifest file C:\Program Files (x86)\Steam\steamapps\common\Slay the Spire 2\mods\mods\Pikcube.Common\Pikcube.Common.json
[INFO] Found mod manifest file C:\Program Files (x86)\Steam\steamapps\common\Slay the Spire 2\mods\mods\TheInventor\TheInventor.json
[INFO] Found mod manifest file C:\Program Files (x86)\Steam\steamapps\common\Slay the Spire 2\mods\mods\TheThief\TheThief.json
[INFO] Found mod manifest file C:\Program Files (x86)\Steam\steamapps\common\Slay the Spire 2\mods\mods\TheWarrior\TheWarrior.json
[INFO] Mods have been re-sorted because we detected a change or dependency order was broken. New sorting order:
[INFO]   0: BaseLib (BaseLib)
[INFO]   1: Pikcube.Common (Pikcube.Common)
[INFO]   2: Dice The Spire Core (DiceTheSpireCore)
[INFO]   3: The Inventor (TheInventor)
[INFO]   4: The Warrior (TheWarrior)
[INFO]   5: The Thief (TheThief)
[INFO]   6: Dice The Spire (DiceTheSpire)
[WARN] Mod BaseLib does not declare min game version. Assuming that it is supported.
[INFO] Loading assembly DLL C:\Program Files (x86)\Steam\steamapps\common\Slay the Spire 2\mods\mods\BaseLib\BaseLib.dll
[INFO] Loading Godot PCK C:\Program Files (x86)\Steam\steamapps\common\Slay the Spire 2\mods\mods\BaseLib\BaseLib.pck
[INFO] Calling initializer method of type BaseLib.BaseLibMain for BaseLib, Version=3.2.1.0, Culture=neutral, PublicKeyToken=null
[INFO] [BaseLib] Created node factory for Control.
[INFO] [BaseLib] Created node factory for NCreatureVisuals.
[INFO] [BaseLib] Created node factory for NRestSiteCharacter.
[INFO] [BaseLib] Created node factory for NMerchantCharacter.
[INFO] [BaseLib] Created node factory for NEnergyCounter.
[INFO] [BaseLib] Created node factory for NCustomTreasureRoomChest.
[INFO] [BaseLib] Registered config for mod BaseLib
[INFO] [BaseLib] Performing CustomPile patch
[INFO] [BaseLib] Starting PatchAll for assembly BaseLib, Version=3.2.1.0, Culture=neutral, PublicKeyToken=null
[INFO] [BaseLib] Patching state machine: MegaCrit.Sts2.Core.Nodes.Combat.NCreature+<AnimDie>d__105
[INFO] [BaseLib] Adding new state 5 for method CustomAnimationPatch.WaitCustomAnim before Wait with result type None ()
[INFO] [BaseLib] Patching state machine: MegaCrit.Sts2.Core.Hooks.Hook+<AfterCardPlayed>d__16
[INFO] [BaseLib] Adding new state 2 for method AfterCardPlayedPatch.BeforeAfterPlayHooks before AfterCardPlayed with result type None ()
[INFO] [BaseLib] Applied 243 patches successfully, 0 failed
[INFO] Finished mod initialization for 'BaseLib' (BaseLib).
[WARN] Mod Pikcube.Common does not declare min game version. Assuming that it is supported.
[INFO] Loading assembly DLL C:\Program Files (x86)\Steam\steamapps\common\Slay the Spire 2\mods\mods\Pikcube.Common\Pikcube.Common.dll
[INFO] Loading Godot PCK C:\Program Files (x86)\Steam\steamapps\common\Slay the Spire 2\mods\mods\Pikcube.Common\Pikcube.Common.pck
[INFO] Calling initializer method of type Pikcube.Common.MainFile for Pikcube.Common, Version=0.2.9.0, Culture=neutral, PublicKeyToken=null
[INFO] Finished mod initialization for 'Pikcube.Common' (Pikcube.Common).
[WARN] Mod DiceTheSpireCore does not declare min game version. Assuming that it is supported.
[INFO] Loading assembly DLL C:\Program Files (x86)\Steam\steamapps\common\Slay the Spire 2\mods\mods\DiceTheSpireCore\DiceTheSpireCore.dll
[INFO] Loading Godot PCK C:\Program Files (x86)\Steam\steamapps\common\Slay the Spire 2\mods\mods\DiceTheSpireCore\DiceTheSpireCore.pck
[INFO] Calling initializer method of type DiceTheSpireCore.DiceTheSpireCoreCode.MainFile for DiceTheSpireCore, Version=1.0.0.0, Culture=neutral, PublicKeyToken=null
[INFO] Finished mod initialization for 'Dice The Spire Core' (DiceTheSpireCore).
[WARN] Mod TheInventor does not declare min game version. Assuming that it is supported.
[INFO] Loading assembly DLL C:\Program Files (x86)\Steam\steamapps\common\Slay the Spire 2\mods\mods\TheInventor\TheInventor.dll
[INFO] Loading Godot PCK C:\Program Files (x86)\Steam\steamapps\common\Slay the Spire 2\mods\mods\TheInventor\TheInventor.pck
[INFO] Calling initializer method of type TheInventor.TheInventorCode.MainFile for TheInventor, Version=1.0.0.0, Culture=neutral, PublicKeyToken=null
[INFO] [BaseLib] Registered config for mod TheInventor
[INFO] Finished mod initialization for 'The Inventor' (TheInventor).
[WARN] Mod TheWarrior does not declare min game version. Assuming that it is supported.
[INFO] Loading assembly DLL C:\Program Files (x86)\Steam\steamapps\common\Slay the Spire 2\mods\mods\TheWarrior\TheWarrior.dll
[INFO] Loading Godot PCK C:\Program Files (x86)\Steam\steamapps\common\Slay the Spire 2\mods\mods\TheWarrior\TheWarrior.pck
[INFO] Calling initializer method of type TheWarrior.MainFile for TheWarrior, Version=1.0.0.0, Culture=neutral, PublicKeyToken=null
[INFO] Finished mod initialization for 'The Warrior' (TheWarrior).
[WARN] Mod TheThief does not declare min game version. Assuming that it is supported.
[INFO] Loading assembly DLL C:\Program Files (x86)\Steam\steamapps\common\Slay the Spire 2\mods\mods\TheThief\TheThief.dll
[INFO] Loading Godot PCK C:\Program Files (x86)\Steam\steamapps\common\Slay the Spire 2\mods\mods\TheThief\TheThief.pck
[INFO] Calling initializer method of type TheThief.TheThiefCode.MainFile for TheThief, Version=1.0.0.0, Culture=neutral, PublicKeyToken=null
[INFO] Finished mod initialization for 'The Thief' (TheThief).
[WARN] Mod DiceTheSpire does not declare min game version. Assuming that it is supported.
[INFO] Loading assembly DLL C:\Program Files (x86)\Steam\steamapps\common\Slay the Spire 2\mods\mods\DiceTheSpire\DiceTheSpire.dll
[INFO] Loading Godot PCK C:\Program Files (x86)\Steam\steamapps\common\Slay the Spire 2\mods\mods\DiceTheSpire\DiceTheSpire.pck
[INFO] Calling initializer method of type DiceTheSpire.DiceTheSpireCode.MainFile for DiceTheSpire, Version=1.0.0.0, Culture=neutral, PublicKeyToken=null
[INFO] Finished mod initialization for 'Dice The Spire' (DiceTheSpire).
[INFO]  --- RUNNING MODDED! --- Loaded 7 mods (7 total)
[Sentry.GDExtension] should_sample callable set
[INFO] Syncing cloud save files to the local save directory
[INFO] Deleting stale settings.save from cloud storage
[WARN] Asset not cached: res://scenes/cards/card.tscn
[WARN] Asset not cached: res://scenes/cards/holders/grid_card_holder.tscn
[INFO] AtlasManager: Loaded ui_atlas with 102 sprites
[INFO] AtlasManager: Loaded compressed with 45 sprites
[INFO] [BaseLib] Performing post-mod init patch
[INFO] [BaseLib] Mod Pikcube.Common that modifies gameplay has BaseLib dependency; gameplay modification enabled.
[INFO] [BaseLib] Patching act types for custom encounters and events | DeprecatedAct | Glory | Hive | Overgrowth | Underdocks
[INFO] [BaseLib] Generating interop methods and properties
[INFO] [BaseLib] Found 0 SavedSpireFields.
[INFO] Loading locale path=res://localization/eng
[INFO] Found loc table from mod: eng ancients.json. Merging with base loc table
[INFO] Found loc table from mod: eng ancients.json. Merging with base loc table
[INFO] Found loc table from mod: eng ancients.json. Merging with base loc table
[INFO] Found loc table from mod: eng ancients.json. Merging with base loc table
[INFO] Found loc table from mod: eng ancients.json. Merging with base loc table
[INFO] Found loc table from mod: eng card_keywords.json. Merging with base loc table
[INFO] Found loc table from mod: eng card_keywords.json. Merging with base loc table
[INFO] Found loc table from mod: eng card_keywords.json. Merging with base loc table
[INFO] Found loc table from mod: eng card_keywords.json. Merging with base loc table
[INFO] Found loc table from mod: eng card_keywords.json. Merging with base loc table
[INFO] Found loc table from mod: eng card_keywords.json. Merging with base loc table
[INFO] Found loc table from mod: eng card_keywords.json. Merging with base loc table
[INFO] Found loc table from mod: eng card_selection.json. Merging with base loc table
[INFO] Found loc table from mod: eng card_selection.json. Merging with base loc table
[INFO] Found loc table from mod: eng cards.json. Merging with base loc table
[INFO] Found loc table from mod: eng cards.json. Merging with base loc table
[INFO] Found loc table from mod: eng cards.json. Merging with base loc table
[INFO] Found loc table from mod: eng cards.json. Merging with base loc table
[INFO] Found loc table from mod: eng cards.json. Merging with base loc table
[INFO] Found loc table from mod: eng cards.json. Merging with base loc table
[INFO] Found loc table from mod: eng characters.json. Merging with base loc table
[INFO] Found loc table from mod: eng characters.json. Merging with base loc table
[INFO] Found loc table from mod: eng characters.json. Merging with base loc table
[INFO] Found loc table from mod: eng characters.json. Merging with base loc table
[INFO] Found loc table from mod: eng main_menu_ui.json. Merging with base loc table
[INFO] Found loc table from mod: eng powers.json. Merging with base loc table
[INFO] Found loc table from mod: eng powers.json. Merging with base loc table
[INFO] Found loc table from mod: eng powers.json. Merging with base loc table
[INFO] Found loc table from mod: eng powers.json. Merging with base loc table
[INFO] Found loc table from mod: eng powers.json. Merging with base loc table
[INFO] Found loc table from mod: eng powers.json. Merging with base loc table
[INFO] Found loc table from mod: eng powers.json. Merging with base loc table
[INFO] Found loc table from mod: eng relics.json. Merging with base loc table
[INFO] Found loc table from mod: eng relics.json. Merging with base loc table
[INFO] Found loc table from mod: eng relics.json. Merging with base loc table
[INFO] Found loc table from mod: eng relics.json. Merging with base loc table
[INFO] Found loc table from mod: eng relics.json. Merging with base loc table
[INFO] Found loc table from mod: eng settings_ui.json. Merging with base loc table
[INFO] Found loc table from mod: eng static_hover_tips.json. Merging with base loc table
[INFO] Found loc table from mod: eng static_hover_tips.json. Merging with base loc table
[INFO] Found loc table from mod: eng static_hover_tips.json. Merging with base loc table
[INFO] Found loc table from mod: eng static_hover_tips.json. Merging with base loc table
[INFO] Found loc table from mod: eng static_hover_tips.json. Merging with base loc table
[INFO] Found loc table from mod: eng static_hover_tips.json. Merging with base loc table
[INFO] Found loc table from mod: eng gadgets.json. Merging with base loc table
[INFO] [BaseLib] Starting custom enum generation for 1709 modded types
[INFO] [BaseLib] Generated KeyGenerator for enum MegaCrit.Sts2.Core.Entities.Cards.TargetType with starting value 10 | IsFlag: False | Half-Size: 16
[INFO] [BaseLib] Generated KeyGenerator for enum MegaCrit.Sts2.Core.Entities.Cards.CardKeyword with starting value 8 | IsFlag: False | Half-Size: 16
[INFO] [BaseLib] Generated KeyGenerator for enum MegaCrit.Sts2.Core.HoverTips.StaticHoverTip with starting value 17 | IsFlag: False | Half-Size: 16
[INFO] ModelIdSerializationCache initialized. Categories: 21 Entries: 1870 Epochs: 57 Hash: 713872137
[Sentry.GDExtension] Initialized: env=playtesters, release=v0.107.0
[INFO] Profile-scoped data path initialized: user://steam/76561199045178842/modded/profile1
[WARN] Progress parse: ValidationError { Severity = Warning, Path = EncounterStats.[45], Message = Unknown encounter ID: ENCOUNTER.ACTSFROMTHEPAST-ORB_WALKER_WEAK, IsFatal = False }
[WARN] Progress parse: ValidationError { Severity = Warning, Path = EncounterStats.[46], Message = Unknown encounter ID: ENCOUNTER.ACTSFROMTHEPAST-DARKLINGS_WEAK, IsFatal = False }
[WARN] Progress parse: ValidationError { Severity = Warning, Path = EncounterStats.[47], Message = Unknown encounter ID: ENCOUNTER.ACTSFROMTHEPAST-REPTOMANCER_ELITE, IsFatal = False }
[WARN] Progress parse: ValidationError { Severity = Warning, Path = EncounterStats.[48], Message = Unknown encounter ID: ENCOUNTER.ACTSFROMTHEPAST-SPIRE_GROWTH_NORMAL, IsFatal = False }
[WARN] Progress parse: ValidationError { Severity = Warning, Path = EncounterStats.[49], Message = Unknown encounter ID: ENCOUNTER.ACTSFROMTHEPAST-GIANT_HEAD_ELITE, IsFatal = False }
[WARN] Progress parse: ValidationError { Severity = Warning, Path = EncounterStats.[50], Message = Unknown encounter ID: ENCOUNTER.ACTSFROMTHEPAST-AWAKENED_ONE_BOSS, IsFatal = False }
[WARN] Progress parse: ValidationError { Severity = Warning, Path = EncounterStats.[53], Message = Unknown encounter ID: ENCOUNTER.ACTSFROMTHEPAST-THREE_SHAPES_WEAK, IsFatal = False }
[WARN] Progress parse: ValidationError { Severity = Warning, Path = EncounterStats.[54], Message = Unknown encounter ID: ENCOUNTER.ACTSFROMTHEPAST-NEMESIS_ELITE, IsFatal = False }
[WARN] Progress parse: ValidationError { Severity = Warning, Path = EncounterStats.[55], Message = Unknown encounter ID: ENCOUNTER.ACTSFROMTHEPAST-CULTIST_WEAK, IsFatal = False }
[WARN] Progress parse: ValidationError { Severity = Warning, Path = EncounterStats.[57], Message = Unknown encounter ID: ENCOUNTER.ACTSFROMTHEPAST-JAW_WORM_WEAK, IsFatal = False }
[WARN] Progress parse: ValidationError { Severity = Warning, Path = EncounterStats.[58], Message = Unknown encounter ID: ENCOUNTER.ACTSFROMTHEPAST-SMALL_SLIMES_WEAK, IsFatal = False }
[WARN] Progress parse: ValidationError { Severity = Warning, Path = EnemyStats.[101], Message = Unknown enemy ID: MONSTER.ACTSFROMTHEPAST-ORB_WALKER, IsFatal = False }
[WARN] Progress parse: ValidationError { Severity = Warning, Path = EnemyStats.[102], Message = Unknown enemy ID: MONSTER.ACTSFROMTHEPAST-DARKLING, IsFatal = False }
[WARN] Progress parse: ValidationError { Severity = Warning, Path = EnemyStats.[103], Message = Unknown enemy ID: MONSTER.ACTSFROMTHEPAST-SNAKE_DAGGER, IsFatal = False }
[WARN] Progress parse: ValidationError { Severity = Warning, Path = EnemyStats.[104], Message = Unknown enemy ID: MONSTER.ACTSFROMTHEPAST-REPTOMANCER, IsFatal = False }
[WARN] Progress parse: ValidationError { Severity = Warning, Path = EnemyStats.[105], Message = Unknown enemy ID: MONSTER.ACTSFROMTHEPAST-SPIRE_GROWTH, IsFatal = False }
[WARN] Progress parse: ValidationError { Severity = Warning, Path = EnemyStats.[106], Message = Unknown enemy ID: MONSTER.ACTSFROMTHEPAST-GIANT_HEAD, IsFatal = False }
[WARN] Progress parse: ValidationError { Severity = Warning, Path = EnemyStats.[107], Message = Unknown enemy ID: MONSTER.ACTSFROMTHEPAST-CULTIST, IsFatal = False }
[WARN] Progress parse: ValidationError { Severity = Warning, Path = EnemyStats.[108], Message = Unknown enemy ID: MONSTER.ACTSFROMTHEPAST-AWAKENED_ONE, IsFatal = False }
[WARN] Progress parse: ValidationError { Severity = Warning, Path = EnemyStats.[109], Message = Unknown enemy ID: MONSTER.ACTSFROMTHEPAST-EXPLODER, IsFatal = False }
[WARN] Progress parse: ValidationError { Severity = Warning, Path = EnemyStats.[110], Message = Unknown enemy ID: MONSTER.ACTSFROMTHEPAST-SPIKER, IsFatal = False }
[WARN] Progress parse: ValidationError { Severity = Warning, Path = EnemyStats.[111], Message = Unknown enemy ID: MONSTER.ACTSFROMTHEPAST-NEMESIS, IsFatal = False }
[WARN] Progress parse: ValidationError { Severity = Warning, Path = EnemyStats.[112], Message = Unknown enemy ID: MONSTER.ACTSFROMTHEPAST-JAW_WORM, IsFatal = False }
[WARN] Progress parse: ValidationError { Severity = Warning, Path = EnemyStats.[113], Message = Unknown enemy ID: MONSTER.ACTSFROMTHEPAST-SPIKE_SLIME_SMALL, IsFatal = False }
[WARN] Progress parse: ValidationError { Severity = Warning, Path = EnemyStats.[114], Message = Unknown enemy ID: MONSTER.ACTSFROMTHEPAST-ACID_SLIME_MEDIUM, IsFatal = False }
[WARN] Progress parse: ValidationError { Severity = Warning, Path = DiscoveredRelics, Message = Unknown RelicModel ID: RELIC.ACTSFROMTHEPAST-MARK_OF_THE_BLOOM, IsFatal = False }
[WARN] Progress parse: ValidationError { Severity = Warning, Path = DiscoveredRelics, Message = Unknown RelicModel ID: RELIC.THEURGY-THEURGY_IRON, IsFatal = False }
[WARN] Progress parse: ValidationError { Severity = Warning, Path = DiscoveredRelics, Message = Unknown RelicModel ID: RELIC.THEURGY-THEURGY_SILENT, IsFatal = False }
[WARN] Progress parse: ValidationError { Severity = Warning, Path = DiscoveredRelics, Message = Unknown RelicModel ID: RELIC.THEURGY-THEURGY_REGENT, IsFatal = False }
[WARN] Progress parse: ValidationError { Severity = Warning, Path = DiscoveredEvents, Message = Unknown EventModel ID: EVENT.ACTSFROMTHEPAST-THE_WOMAN_IN_BLUE, IsFatal = False }
[WARN] Progress parse: ValidationError { Severity = Warning, Path = DiscoveredEvents, Message = Unknown EventModel ID: EVENT.ACTSFROMTHEPAST-MIND_BLOOM, IsFatal = False }
[WARN] Progress parse: ValidationError { Severity = Warning, Path = DiscoveredEvents, Message = Unknown EventModel ID: EVENT.ACTSFROMTHEPAST-GOLDEN_SHRINE, IsFatal = False }
[WARN] Progress parse: ValidationError { Severity = Warning, Path = DiscoveredEvents, Message = Unknown EventModel ID: EVENT.ACTSFROMTHEPAST-FALLING, IsFatal = False }
[WARN] Progress parse: ValidationError { Severity = Warning, Path = DiscoveredEvents, Message = Unknown EventModel ID: EVENT.ACTSFROMTHEPAST-TRANSMOGRIFIER, IsFatal = False }
[WARN] Progress parse: ValidationError { Severity = Warning, Path = DiscoveredActs, Message = Unknown ActModel ID: ACT.ACTSFROMTHEPAST-THE_BEYOND_ACT, IsFatal = False }
[WARN] Progress parse: ValidationError { Severity = Warning, Path = DiscoveredActs, Message = Unknown ActModel ID: ACT.ACTSFROMTHEPAST-EXORDIUM_ACT, IsFatal = False }
[INFO] [Sentry.NET] Is running modded
[INFO] [Sentry.NET] Shutting down because event reporting is disabled.
[INFO] [Sentry.NET] Shutting down
[Sentry.GDExtension] Shutting down
[INFO] AtlasManager: Loaded controller_atlas with 112 sprites
[INFO] MuteInBackground: FocusIn received [tween=False, msSinceFocusOut=8967, windowFocused=True]
[INFO] Applying display settings...
  FULLSCREEN: True
  ASPECT_RATIO: (SixteenByNine)
  TARGET_DISPLAY: (0)
  WINDOW_SIZE: (1920, 1080)
  POSITION: (-1, -1)
[INFO] [Display] Min size: (64, 64) Max size: (16384, 16384)
[INFO] Window changed! New size: (1920, 1061)
[INFO] [Display] Setting FULLSCREEN on Display: 1 of 2
[INFO] Window changed! New size: (1934, 1100)
[INFO] Window changed! New size: (1920, 1080)
[INFO] VSync: Adaptive
[INFO] SteamStatsManager: Global stats received (found=True), architect damage = 262726574737
[INFO] SteamStatsManager: User stats received
[INFO] === Godot OS Debug Information ===
Timestamp: 06/14/2026 21:31:59
OS: Windows
OS Version: 10.0.19045
Distribution Name: Windows
Device Model: ROG STRIX B550-F GAMING
Is Debug Build: False
Is Sandboxed: False
Executable Path: C:/Program Files (x86)/Steam/steamapps/common/Slay the Spire 2/SlayTheSpire2.exe
Data Directory: C:/Users/E Monkey/AppData/Roaming
User Data Directory: C:/Users/E Monkey/AppData/Roaming/SlayTheSpire2
Command Line Args: 
User Command Line Args: 
OS Locale: en_US
OS Language: en
Game Locale: en_US
Is UserFS Persistent: True
Is Stdout Verbose: False
Is Low Processor Usage Mode: False
Architecture: x86_64
Engine Version: 4.5.1-m.12 (custom_build)
Is Editor: False
Release Version: v0.107.0
Release Commit: 23d60b98
Release Date: 06/04/2026 22:40:52
Processor Count: 12
Processor Name: AMD Ryzen 5 3600 6-Core Processor
Main assembly hash: -1074485114
Rendering device name: NVIDIA GeForce RTX 2060
  Graphics adapter 0: NVIDIA GeForce RTX 2060
  version: 32.0.15.0
  Graphics adapter 1: NVIDIA GeForce RTX 2060
  version: 32.0.15.0
  Graphics adapter 2: Microsoft Basic Render Driver
  version: 10.0.19041.0
Screen info (primary 0):
  Index 0: Size: (1920, 1080) Orientation: Landscape Scale: 1 DPI: 96 Refresh Rate: 60
  Index 1: Size: (1920, 1080) Orientation: Landscape Scale: 1 DPI: 96 Refresh Rate: 60
Video Memory Used: 0.0B
Memory Info:
  physical: 15.9GB
  free: 8.0GB
  available: 27.4GB
  stack: 8.0MB
  Static Memory Usage: 0.0B
  Static Memory Peak Usage: 0.0B
Disk Info:
  Index 0: Name: C:\ Type: Fixed Format: NTFS Available: 217.1GB Total Free: 217.1GB Total Size: 0.9TB
Important Environment Variables:
  PATH: C:\Program Files (x86)\Common Files\Oracle\Java\java8path;C:\Program Files (x86)\Common Files\Oracle\Java\javapath;C:\WINDOWS\system32;C:\WINDOWS;C:\WINDOWS\System32\Wbem;C:\WINDOWS\System32\WindowsPowerShell\v1.0\;C:\WINDOWS\System32\OpenSSH\;C:\Program Files\NVIDIA Corporation\NVIDIA app\NvDLISR;C:\Program Files (x86)\NVIDIA Corporation\PhysX\Common;C:\Program Files\dotnet\;C:\Program Files\Git\cmd;%USERPROFILE%\AppData\Local\Microsoft\WindowsApps;%USERPROFILE%\AppData\Local\Muse Hub\lib;%USERPROFILE%\.dotnet\tools
  GODOT_ROOT_DIR: 
  HOME: 
  DYLD_LIBRARY_PATH: 
  LD_LIBRARY_PATH: 

[INFO] Preloading 'IntroLogo' assets... count=3 vfx=0
[INFO] Preloading 'IntroLogo' Complete: assets=3 time_elapsed=67ms
[INFO] Preloading 'MainMenuEssentials' assets... count=5 vfx=0
[INFO] Preloading 'MainMenuEssentials' Complete: assets=5 time_elapsed=269ms
[INFO] [BaseLib] More than 8 selection options, enabling character select scroll
[INFO] [Startup] Time to main menu (Godot ticks): 11182ms
[INFO] [BaseLib] Adding custom save data to SerializableRun.
[INFO] [BaseLib] Added 0 new properties to SerializableRun
[INFO] [BaseLib] Adding custom save data to SerializableCard.
[INFO] [BaseLib] Added 1 new properties to SerializableCard
[INFO] [BaseLib] Adding custom save data to SerializablePlayer.
[INFO] [BaseLib] Added 0 new properties to SerializablePlayer
[INFO] [BaseLib] Adding custom save data to SerializablePotion.
[INFO] [BaseLib] Added 0 new properties to SerializablePotion
[INFO] [BaseLib] Adding custom save data to SerializableRelic.
[INFO] [BaseLib] Added 0 new properties to SerializableRelic
[INFO] [BaseLib] Adding custom save data to SerializableReward.
[INFO] [BaseLib] Added 0 new properties to SerializableReward
[WARN] Exception occurred while displaying continue run info: MegaCrit.Sts2.Core.Models.Exceptions.ModelNotFoundException: Model id=ACT.ACTSFROMTHEPAST-EXORDIUM_ACT not found
   at MegaCrit.Sts2.Core.Models.ModelDb.GetById[T](ModelId id)
   at MegaCrit.Sts2.Core.Nodes.Screens.MainMenu.NContinueRunInfo.ShowInfo(SerializableRun save)
   at MegaCrit.Sts2.Core.Nodes.Screens.MainMenu.NContinueRunInfo.SetResult(ReadSaveResult`1 result)
[INFO] [Startup] Time to main menu: 11,343ms
[INFO] [Startup] Resource stats (main menu loaded (essential)): StaticMem=0B, VRAM=273.6MB, Objects=8,030, Resources=459, Nodes=1,495, CachedAssets=9
[INFO] AtlasManager: Loaded epoch_atlas with 57 sprites
[INFO] AtlasManager: Loaded relic_atlas with 341 sprites
[INFO] AtlasManager: Loaded relic_outline_atlas with 341 sprites
[INFO] AtlasManager: Loaded power_atlas with 264 sprites
[INFO] AtlasManager: Loaded card_atlas with 875 sprites
[INFO] AtlasManager: Loaded potion_atlas with 63 sprites
[INFO] AtlasManager: Loaded potion_outline_atlas with 63 sprites
[INFO] AtlasManager: Loaded stats_screen_atlas with 16 sprites
[INFO] AtlasManager: Loaded intent_atlas with 310 sprites
[INFO] AtlasManager: Loaded era_atlas with 27 sprites
[INFO] [TheThief] Could not find card image path: res://TheThief\images\card_portraits\blender.png
[INFO] [TheThief] Could not find card image path: res://TheThief\images\card_portraits\bounce.png
[INFO] [TheThief] Could not find card image path: res://TheThief\images\card_portraits\chisel.png
[INFO] [TheThief] Could not find card image path: res://TheThief\images\card_portraits\dagger.png
[INFO] [TheThief] Could not find card image path: res://TheThief\images\card_portraits\dexterity_charm.png
[INFO] [TheThief] Could not find card image path: res://TheThief\images\card_portraits\hacksaw.png
[INFO] [TheThief] Could not find card image path: res://TheThief\images\card_portraits\lock.png
[INFO] [TheThief] Could not find card image path: res://TheThief\images\card_portraits\poison_crown.png
[INFO] [TheThief] Could not find card image path: res://TheThief\images\card_portraits\poison_paradise.png
[INFO] [TheThief] Could not find card image path: res://TheThief\images\card_portraits\rat.png
[INFO] [TheThief] Could not find card image path: res://TheThief\images\card_portraits\smog_cloud.png
[INFO] [TheThief] Could not find card image path: res://TheThief\images\card_portraits\snake_eye_charm.png
[INFO] [TheThief] Could not find card image path: res://TheThief\images\card_portraits\spiky_sneeze.png
[INFO] [TheThief] Could not find card image path: res://TheThief\images\card_portraits\toxic_claw.png
[INFO] [TheThief] Could not find card image path: res://TheThief\images\card_portraits\unlucky_roll.png
[INFO] [TheThief] Could not find card image path: res://TheThief\images\card_portraits\wrecking_ball.png
[INFO] [TheThief] Could not find card image path: res://TheThief\images\card_portraits\ambitious_form.png
[INFO] [TheThief] Could not find card image path: res://TheThief\images\card_portraits\blight.png
[INFO] [TheThief] Could not find card image path: res://TheThief\images\card_portraits\crowbar.png
[INFO] [TheThief] Could not find card image path: res://TheThief\images\card_portraits\detonator.png
[INFO] [TheThief] Could not find card image path: res://TheThief\images\card_portraits\leaky_pipe.png
[INFO] [TheThief] Could not find card image path: res://TheThief\images\card_portraits\lucky_draw.png
[INFO] [TheThief] Could not find card image path: res://TheThief\images\card_portraits\overwhelm.png
[INFO] [TheThief] Could not find card image path: res://TheThief\images\card_portraits\stolen_weapon.png
[INFO] [TheThief] Could not find card image path: res://TheThief\images\card_portraits\berlin_key.png
[INFO] [TheThief] Could not find card image path: res://TheThief\images\card_portraits\cloak.png
[INFO] [TheThief] Could not find card image path: res://TheThief\images\card_portraits\hookshot.png
[INFO] [TheThief] Could not find card image path: res://TheThief\images\card_portraits\poison_needle.png
[INFO] [TheThief] Could not find card image path: res://TheThief\images\card_portraits\poison_slingshot.png
[INFO] [TheThief] Could not find card image path: res://TheThief\images\card_portraits\rosewood_spear.png
[INFO] [TheThief] Could not find card image path: res://TheThief\images\card_portraits\singularity.png
[INFO] [TheThief] Could not find card image path: res://TheThief\images\card_portraits\toxic_ooze.png
[INFO] [TheThief] Could not find card image path: res://TheThief\images\card_portraits\lockpick.png
[INFO] [TheThief] Could not find card image path: res://TheThief\images\card_portraits\peashooter.png
[INFO] [TheThief] Could not find card image path: res://TheThief\images\card_portraits\master_key.png
[INFO] [TheInventor] Could not find card image path: res://TheInventor\images\card_portraits\gadget_card.png
[INFO] [TheThief] Could not find card image path: res://TheThief\images\card_portraits\collapse.png
[INFO] [TheInventor] Could not find relic image path: res://TheInventor\images\relics\blueprint.png
[INFO] [TheThief] Could not find relic image path: res://TheThief\images\relics\sticky_fingers.png
[INFO] [TheThief] Could not find relic image path: res://TheThief\images\relics\sticky_hand.png
[INFO] [DiceTheSpireCore] Could not find power image path: res://DiceTheSpireCore\images\powers\draining_power.png
[INFO] [DiceTheSpireCore] Could not find big power image path: res://DiceTheSpireCore\images\powers\big\draining_power.png
[INFO] [DiceTheSpireCore] Could not find big power image path: res://DiceTheSpireCore\images\powers\big\draining_power.png
[INFO] [DiceTheSpireCore] Could not find power image path: res://DiceTheSpireCore\images\powers\elastic_heart_power.png
[INFO] [DiceTheSpireCore] Could not find big power image path: res://DiceTheSpireCore\images\powers\big\elastic_heart_power.png
[INFO] [DiceTheSpireCore] Could not find big power image path: res://DiceTheSpireCore\images\powers\big\elastic_heart_power.png
[INFO] [DiceTheSpireCore] Could not find power image path: res://DiceTheSpireCore\images\powers\last_stand_power.png
[INFO] [DiceTheSpireCore] Could not find big power image path: res://DiceTheSpireCore\images\powers\big\last_stand_power.png
[INFO] [DiceTheSpireCore] Could not find big power image path: res://DiceTheSpireCore\images\powers\big\last_stand_power.png
[INFO] [DiceTheSpireCore] Could not find power image path: res://DiceTheSpireCore\images\powers\safety_goggles_power.png
[INFO] [DiceTheSpireCore] Could not find big power image path: res://DiceTheSpireCore\images\powers\big\safety_goggles_power.png
[INFO] [DiceTheSpireCore] Could not find big power image path: res://DiceTheSpireCore\images\powers\big\safety_goggles_power.png
[INFO] [DiceTheSpireCore] Could not find power image path: res://DiceTheSpireCore\images\powers\shock_power.png
[INFO] [DiceTheSpireCore] Could not find big power image path: res://DiceTheSpireCore\images\powers\big\shock_power.png
[INFO] [DiceTheSpireCore] Could not find big power image path: res://DiceTheSpireCore\images\powers\big\shock_power.png
[INFO] [DiceTheSpireCore] Could not find power image path: res://DiceTheSpireCore\images\powers\sneeze_power.png
[INFO] [DiceTheSpireCore] Could not find big power image path: res://DiceTheSpireCore\images\powers\big\sneeze_power.png
[INFO] [DiceTheSpireCore] Could not find big power image path: res://DiceTheSpireCore\images\powers\big\sneeze_power.png
[INFO] [DiceTheSpireCore] Could not find power image path: res://DiceTheSpireCore\images\powers\target_shield_power.png
[INFO] [DiceTheSpireCore] Could not find big power image path: res://DiceTheSpireCore\images\powers\big\target_shield_power.png
[INFO] [DiceTheSpireCore] Could not find big power image path: res://DiceTheSpireCore\images\powers\big\target_shield_power.png
[INFO] [TheInventor] Could not find power image path: res://TheInventor\images\powers\avalanche_power.png
[INFO] [TheInventor] Could not find big power image path: res://TheInventor\images\powers\big\avalanche_power.png
[INFO] [TheInventor] Could not find big power image path: res://TheInventor\images\powers\big\avalanche_power.png
[INFO] [TheInventor] Could not find power image path: res://TheInventor\images\powers\bee_sting_power.png
[INFO] [TheInventor] Could not find big power image path: res://TheInventor\images\powers\big\bee_sting_power.png
[INFO] [TheInventor] Could not find big power image path: res://TheInventor\images\powers\big\bee_sting_power.png
[INFO] [TheInventor] Could not find power image path: res://TheInventor\images\powers\broken_mirror_power.png
[INFO] [TheInventor] Could not find big power image path: res://TheInventor\images\powers\big\broken_mirror_power.png
[INFO] [TheInventor] Could not find big power image path: res://TheInventor\images\powers\big\broken_mirror_power.png
[INFO] [TheInventor] Could not find power image path: res://TheInventor\images\powers\calculator_power.png
[INFO] [TheInventor] Could not find big power image path: res://TheInventor\images\powers\big\calculator_power.png
[INFO] [TheInventor] Could not find big power image path: res://TheInventor\images\powers\big\calculator_power.png
[INFO] [TheInventor] Could not find power image path: res://TheInventor\images\powers\exhaustion_power.png
[INFO] [TheInventor] Could not find big power image path: res://TheInventor\images\powers\big\exhaustion_power.png
[INFO] [TheInventor] Could not find big power image path: res://TheInventor\images\powers\big\exhaustion_power.png
[INFO] [TheInventor] Could not find power image path: res://TheInventor\images\powers\feedback_loop_power.png
[INFO] [TheInventor] Could not find big power image path: res://TheInventor\images\powers\big\feedback_loop_power.png
[INFO] [TheInventor] Could not find big power image path: res://TheInventor\images\powers\big\feedback_loop_power.png
[INFO] [TheInventor] Could not find power image path: res://TheInventor\images\powers\focus_power.png
[INFO] [TheInventor] Could not find big power image path: res://TheInventor\images\powers\big\focus_power.png
[INFO] [TheInventor] Could not find big power image path: res://TheInventor\images\powers\big\focus_power.png
[INFO] [TheInventor] Could not find power image path: res://TheInventor\images\powers\hi_vis_jacket_power.png
[INFO] [TheInventor] Could not find big power image path: res://TheInventor\images\powers\big\hi_vis_jacket_power.png
[INFO] [TheInventor] Could not find big power image path: res://TheInventor\images\powers\big\hi_vis_jacket_power.png
[INFO] [TheInventor] Could not find power image path: res://TheInventor\images\powers\lighter_power.png
[INFO] [TheInventor] Could not find big power image path: res://TheInventor\images\powers\big\lighter_power.png
[INFO] [TheInventor] Could not find big power image path: res://TheInventor\images\powers\big\lighter_power.png
[INFO] [TheInventor] Could not find power image path: res://TheInventor\images\powers\resonance_power.png
[INFO] [TheInventor] Could not find big power image path: res://TheInventor\images\powers\big\resonance_power.png
[INFO] [TheInventor] Could not find big power image path: res://TheInventor\images\powers\big\resonance_power.png
[INFO] [TheInventor] Could not find power image path: res://TheInventor\images\powers\saw_wave_power.png
[INFO] [TheInventor] Could not find big power image path: res://TheInventor\images\powers\big\saw_wave_power.png
[INFO] [TheInventor] Could not find big power image path: res://TheInventor\images\powers\big\saw_wave_power.png
[INFO] [TheInventor] Could not find power image path: res://TheInventor\images\powers\screwdriver_power.png
[INFO] [TheInventor] Could not find big power image path: res://TheInventor\images\powers\big\screwdriver_power.png
[INFO] [TheInventor] Could not find big power image path: res://TheInventor\images\powers\big\screwdriver_power.png
[INFO] [TheInventor] Could not find power image path: res://TheInventor\images\powers\spike_power.png
[INFO] [TheInventor] Could not find big power image path: res://TheInventor\images\powers\big\spike_power.png
[INFO] [TheInventor] Could not find big power image path: res://TheInventor\images\powers\big\spike_power.png
[INFO] [TheInventor] Could not find power image path: res://TheInventor\images\powers\temporary_gadget_power.png
[INFO] [TheInventor] Could not find big power image path: res://TheInventor\images\powers\big\temporary_gadget_power.png
[INFO] [TheInventor] Could not find big power image path: res://TheInventor\images\powers\big\temporary_gadget_power.png
[INFO] [TheThief] Could not find power image path: res://TheThief\images\powers\ambitious_form_power.png
[INFO] [TheThief] Could not find big power image path: res://TheThief\images\powers\big\ambitious_form_power.png
[INFO] [TheThief] Could not find big power image path: res://TheThief\images\powers\big\ambitious_form_power.png
[INFO] [TheThief] Could not find power image path: res://TheThief\images\powers\bounce_power.png
[INFO] [TheThief] Could not find big power image path: res://TheThief\images\powers\big\bounce_power.png
[INFO] [TheThief] Could not find big power image path: res://TheThief\images\powers\big\bounce_power.png
[INFO] [TheThief] Could not find power image path: res://TheThief\images\powers\hookshot_power.png
[INFO] [TheThief] Could not find big power image path: res://TheThief\images\powers\big\hookshot_power.png
[INFO] [TheThief] Could not find big power image path: res://TheThief\images\powers\big\hookshot_power.png
[INFO] [TheThief] Could not find power image path: res://TheThief\images\powers\leaky_pipe_power.png
[INFO] [TheThief] Could not find big power image path: res://TheThief\images\powers\big\leaky_pipe_power.png
[INFO] [TheThief] Could not find big power image path: res://TheThief\images\powers\big\leaky_pipe_power.png
[INFO] [TheThief] Could not find power image path: res://TheThief\images\powers\lucky_draw_power.png
[INFO] [TheThief] Could not find big power image path: res://TheThief\images\powers\big\lucky_draw_power.png
[INFO] [TheThief] Could not find big power image path: res://TheThief\images\powers\big\lucky_draw_power.png
[INFO] [TheThief] Could not find power image path: res://TheThief\images\powers\overwhelm_power.png
[INFO] [TheThief] Could not find big power image path: res://TheThief\images\powers\big\overwhelm_power.png
[INFO] [TheThief] Could not find big power image path: res://TheThief\images\powers\big\overwhelm_power.png
[INFO] [TheThief] Could not find power image path: res://TheThief\images\powers\poison_crown_power.png
[INFO] [TheThief] Could not find big power image path: res://TheThief\images\powers\big\poison_crown_power.png
[INFO] [TheThief] Could not find big power image path: res://TheThief\images\powers\big\poison_crown_power.png
[INFO] [TheThief] Could not find power image path: res://TheThief\images\powers\poison_paradise_power.png
[INFO] [TheThief] Could not find big power image path: res://TheThief\images\powers\big\poison_paradise_power.png
[INFO] [TheThief] Could not find big power image path: res://TheThief\images\powers\big\poison_paradise_power.png
[INFO] [DiceTheSpireCore] Could not find power image path: res://DiceTheSpireCore\images\powers\rosewood_spear_power.png
[INFO] [DiceTheSpireCore] Could not find big power image path: res://DiceTheSpireCore\images\powers\big\rosewood_spear_power.png
[INFO] [DiceTheSpireCore] Could not find big power image path: res://DiceTheSpireCore\images\powers\big\rosewood_spear_power.png
[INFO] [TheThief] Could not find power image path: res://TheThief\images\powers\stolen_weapon_power.png
[INFO] [TheThief] Could not find big power image path: res://TheThief\images\powers\big\stolen_weapon_power.png
[INFO] [TheThief] Could not find big power image path: res://TheThief\images\powers\big\stolen_weapon_power.png
[INFO] [TheThief] Could not find power image path: res://TheThief\images\powers\wrecking_ball_power.png
[INFO] [TheThief] Could not find big power image path: res://TheThief\images\powers\big\wrecking_ball_power.png
[INFO] [TheThief] Could not find big power image path: res://TheThief\images\powers\big\wrecking_ball_power.png
[INFO] [BaseLib] Registered scene 'res://scenes/creature_visuals/ironclad.tscn' for auto-conversion to NCreatureVisuals
[INFO] [BaseLib] Registered scene 'res://scenes/rest_site/characters/ironclad_rest_site.tscn' for auto-conversion to NRestSiteCharacter
[INFO] [BaseLib] Registered scene 'res://scenes/merchant/characters/ironclad_merchant.tscn' for auto-conversion to NMerchantCharacter
[INFO] [BaseLib] Registered scene 'res://scenes/combat/energy_counters/ironclad_energy_counter.tscn' for auto-conversion to NEnergyCounter
[INFO] [BaseLib] Registered scene 'res://scenes/creature_visuals/ironclad.tscn' for auto-conversion to NCreatureVisuals
[INFO] [BaseLib] Registered scene 'res://scenes/rest_site/characters/ironclad_rest_site.tscn' for auto-conversion to NRestSiteCharacter
[INFO] [BaseLib] Registered scene 'res://scenes/merchant/characters/ironclad_merchant.tscn' for auto-conversion to NMerchantCharacter
[INFO] [BaseLib] Registered scene 'res://scenes/combat/energy_counters/ironclad_energy_counter.tscn' for auto-conversion to NEnergyCounter
[INFO] [BaseLib] Registered scene 'res://scenes/creature_visuals/ironclad.tscn' for auto-conversion to NCreatureVisuals
[INFO] [BaseLib] Registered scene 'res://scenes/rest_site/characters/ironclad_rest_site.tscn' for auto-conversion to NRestSiteCharacter
[INFO] [BaseLib] Registered scene 'res://scenes/merchant/characters/ironclad_merchant.tscn' for auto-conversion to NMerchantCharacter
[INFO] [BaseLib] Registered scene 'res://scenes/combat/energy_counters/ironclad_energy_counter.tscn' for auto-conversion to NEnergyCounter
[INFO] Unloading 2 missed cache assets
[INFO] Preloading 'Common' assets... count=694 vfx=92
[INFO] [Startup] Resource stats (main menu loaded (complete)): StaticMem=0B, VRAM=477.4MB, Objects=7,966, Resources=458, Nodes=1,493, CachedAssets=5
[INFO] Preloading 'Common' Complete: assets=786 time_elapsed=4,348ms
[INFO] MuteInBackground: environment [displayServer=Windows, os=Windows]
[INFO] MuteInBackground: FocusOut received [tween=False, windowFocused=False]
[INFO] Limiting background FPS to 30
[INFO] MuteInBackground: FocusIn received [tween=True, msSinceFocusOut=3671, windowFocused=True]
[INFO] MuteInBackground: Unmuted, restored volume to 0.37
[INFO] Restored foreground FPS
[INFO] Abandoning run from main menu
[INFO] Player already has Epoch: NEOW_EPOCH
[INFO] Player already has Epoch: NECROBINDER1_EPOCH
[INFO] Wrote 109041 bytes to path=user://steam/76561199045178842/modded/profile1\saves\progress.save save_dir=user://steam/76561199045178842
[INFO] Wrote 109041 bytes to modded/profile1/saves/progress.save in steam remote store
[INFO] Wrote 11974 bytes to path=user://steam/76561199045178842/modded/profile1\saves\history\1780977061.run save_dir=user://steam/76561199045178842
[INFO] Wrote 11974 bytes to modded/profile1/saves/history/1780977061.run in steam remote store
[INFO] Saved run history: 1780977061.run
[INFO] Created Run History entry!
[WARN] Asset not cached: res://scenes/screens/singleplayer_submenu.tscn
[INFO] Max ascension changed to 0
[INFO] Max ascension changed to 10
[INFO] [StartRunLobby (1)] CHARACTER.IRONCLAD ascension set to preferred: 0
[INFO] Max ascension changed to 0
[INFO] [StartRunLobby (1)] CHARACTER.THEWARRIOR-THE_WARRIOR has no progress, disabling Ascension.
[INFO] [TheThief] Could not find relic image path: res://TheThief\images\relics\sticky_fingers.png
[INFO] [TheThief] Could not find relic image path: res://TheThief\images\relics\sticky_fingers_outline.png
[INFO] Max ascension changed to 0
[INFO] [StartRunLobby (1)] CHARACTER.THETHIEF-THE_THIEF has no progress, disabling Ascension.
[INFO] Max ascension changed to 0
[INFO] [StartRunLobby (1)] CHARACTER.THEINVENTOR-THE_INVENTOR has no progress, disabling Ascension.
[WARN] Asset not cached: res://TheInventor\images\charui/text_energy.png
[INFO] [TheThief] Could not find relic image path: res://TheThief\images\relics\sticky_fingers.png
[INFO] [TheThief] Could not find relic image path: res://TheThief\images\relics\sticky_fingers_outline.png
[INFO] Max ascension changed to 0
[INFO] [StartRunLobby (1)] CHARACTER.THETHIEF-THE_THIEF has no progress, disabling Ascension.
[INFO] Max ascension changed to 0
[INFO] [StartRunLobby (1)] CHARACTER.THEWARRIOR-THE_WARRIOR has no progress, disabling Ascension.
[INFO] [TheThief] Could not find relic image path: res://TheThief\images\relics\sticky_fingers.png
[INFO] [TheThief] Could not find relic image path: res://TheThief\images\relics\sticky_fingers_outline.png
[INFO] Max ascension changed to 0
[INFO] [StartRunLobby (1)] CHARACTER.THETHIEF-THE_THIEF has no progress, disabling Ascension.
[INFO] Max ascension changed to 0
[INFO] [StartRunLobby (1)] CHARACTER.THEINVENTOR-THE_INVENTOR has no progress, disabling Ascension.
[INFO] [TheThief] Could not find relic image path: res://TheThief\images\relics\sticky_fingers.png
[INFO] [TheThief] Could not find relic image path: res://TheThief\images\relics\sticky_fingers_outline.png
[INFO] Max ascension changed to 0
[INFO] [StartRunLobby (1)] CHARACTER.THETHIEF-THE_THIEF has no progress, disabling Ascension.
[INFO] Max ascension changed to 0
[INFO] [StartRunLobby (1)] CHARACTER.THEINVENTOR-THE_INVENTOR has no progress, disabling Ascension.
[INFO] Max ascension changed to 0
[INFO] [StartRunLobby (1)] CHARACTER.THEWARRIOR-THE_WARRIOR has no progress, disabling Ascension.
[INFO] [TheThief] Could not find relic image path: res://TheThief\images\relics\sticky_fingers.png
[INFO] [TheThief] Could not find relic image path: res://TheThief\images\relics\sticky_fingers_outline.png
[INFO] Max ascension changed to 0
[INFO] [StartRunLobby (1)] CHARACTER.THETHIEF-THE_THIEF has no progress, disabling Ascension.
[INFO] Max ascension changed to 0
[INFO] [StartRunLobby (1)] CHARACTER.THEINVENTOR-THE_INVENTOR has no progress, disabling Ascension.
[INFO] [StartRunLobby (1)] Local player 1 is ready
[INFO] Embarking on a singleplayer THEINVENTOR-THE_INVENTOR run. Ascension: 0 Seed: 4UU9Q03J3R
[INFO] Preloading 'characters=THEINVENTOR-THE_INVENTOR' assets... count=40 vfx=6
[INFO] Preloading 'characters=THEINVENTOR-THE_INVENTOR' Complete: assets=46 time_elapsed=334ms
[WARN] Asset not cached: res://animations/map/ceremonial_beast_boss/ceremonial_beast_boss_node_skel_data.tres
[INFO] Preloading 'Act=OVERGROWTH' assets... count=6 vfx=0
[INFO] Preloading 'Act=OVERGROWTH' Complete: assets=6 time_elapsed=51ms
[INFO] [BaseLib] Creating Control from resource CompressedTexture2D
[INFO] Preloading 'Act=OVERGROWTH' assets... count=0 vfx=0
[INFO] Preloading 'Act=OVERGROWTH' Complete: assets=0 time_elapsed=27ms
[INFO] Wrote 110017 bytes to path=user://steam/76561199045178842/modded/profile1\saves\progress.save save_dir=user://steam/76561199045178842
[INFO] Wrote 110017 bytes to modded/profile1/saves/progress.save in steam remote store
[INFO] Wrote 44569 bytes to path=user://steam/76561199045178842/modded/profile1\saves\current_run.save save_dir=user://steam/76561199045178842
[INFO] Wrote 44569 bytes to modded/profile1/saves/current_run.save in steam remote store
[INFO] Unloading 3 missed cache assets
[INFO] Preloading 'Event Room' assets... count=3 vfx=0
[INFO] Preloading 'Event Room' Complete: assets=3 time_elapsed=304ms
[INFO] [BaseLib] Checking for additional interactions with NEOW
[WARN] Asset not cached: res://scenes/events/ancient_dialogue_line.tscn
[INFO] Inspecting Relic: LocString table relics entry THEINVENTOR-MANUAL.title
[WARN] Asset not cached: res://TheInventor\images\relics\big\manual.png
[INFO] Wrote 110167 bytes to path=user://steam/76561199045178842/modded/profile1\saves\progress.save save_dir=user://steam/76561199045178842
[INFO] Wrote 110167 bytes to modded/profile1/saves/progress.save in steam remote store
[INFO] Wrote 48075 bytes to path=user://steam/76561199045178842/modded/profile1\saves\current_run.save save_dir=user://steam/76561199045178842
[INFO] Wrote 48075 bytes to modded/profile1/saves/current_run.save in steam remote store
[INFO] Player vote changed for 1: ->MapVote (gen: 1 coord: (2, 1))
[INFO] Wrote 110167 bytes to path=user://steam/76561199045178842/modded/profile1\saves\progress.save save_dir=user://steam/76561199045178842
[INFO] Wrote 110167 bytes to modded/profile1/saves/progress.save in steam remote store
[WARN] Warning: Packet writer is growing from 1024 bytes to 2048 bytes!
[INFO] Wrote 49562 bytes to path=user://steam/76561199045178842/modded/profile1\saves\current_run.save save_dir=user://steam/76561199045178842
[INFO] Wrote 49562 bytes to modded/profile1/saves/current_run.save in steam remote store
[INFO] Unloading 2 missed cache assets
[INFO] Preloading 'Combat Room' assets... count=9 vfx=0
[INFO] Preloading 'Combat Room' Complete: assets=9 time_elapsed=155ms
[INFO] Creating NCombatRoom with mode=ActiveCombat encounter=FUZZY_WURM_CRAWLER_WEAK.
[WARN] Asset not cached: res://images/powers/dexterity_power.png
[INFO] Player 1 playing card THEINVENTOR-DEFEND_INVENTOR (no target)
[INFO] Player 1 playing card THEINVENTOR-STRIKE_INVENTOR (targeting Fuzzy Wurm Crawler (index 1))
[INFO] Player 1 playing card THEINVENTOR-STRIKE_INVENTOR (targeting Fuzzy Wurm Crawler (index 1))
[INFO] Player 1 playing card THEINVENTOR-DEFEND_INVENTOR (no target)
[INFO] Monster FUZZY_WURM_CRAWLER performing move FIRST_ACID_GOOP
[INFO] Player 1 playing card THEINVENTOR-STRIKE_INVENTOR (targeting Fuzzy Wurm Crawler (index 1))
[INFO] Player 1 playing card THEINVENTOR-STRIKE_INVENTOR (targeting Fuzzy Wurm Crawler (index 1))
[INFO] Player 1 playing card THEINVENTOR-DEFEND_INVENTOR (no target)
[WARN] Warning: Packet writer is growing from 1024 bytes to 2048 bytes!
[WARN] Warning: Packet writer is growing from 2048 bytes to 4096 bytes!
[INFO] Player 1 chose cards [THEINVENTOR-STRIKE_INVENTOR]
[INFO] Wrote 50717 bytes to path=user://steam/76561199045178842/modded/profile1\saves\current_run.save save_dir=user://steam/76561199045178842
[INFO] Wrote 50717 bytes to modded/profile1/saves/current_run.save in steam remote store
[INFO] CHARACTER.THEINVENTOR-THE_INVENTOR fought ENCOUNTER.FUZZY_WURM_CRAWLER_WEAK for the first time and WON >:)
[INFO] CHARACTER.THEINVENTOR-THE_INVENTOR fought MONSTER.FUZZY_WURM_CRAWLER for the first time and WON >:(
[INFO] Wrote 110427 bytes to path=user://steam/76561199045178842/modded/profile1\saves\progress.save save_dir=user://steam/76561199045178842
[INFO] Wrote 110427 bytes to modded/profile1/saves/progress.save in steam remote store
[INFO] Card rarity: Rolled 0.3234689, need < -0.020000001 for rare (offset = -0.05)
[INFO] Card rarity: Rolled 0.65373313, need < -0.01 for rare (offset = -0.04)
[INFO] Card rarity: Rolled 0.6904633, need < 0 for rare (offset = -0.03)
[INFO] Player 1 obtained 15 gold from reward
[INFO] Player 1 obtained POTION.WEAK_POTION from potion reward
[INFO] Player 1 selected card reward
[INFO] [DiceTheSpireCore] Could not find power image path: res://DiceTheSpireCore\images\powers\shock_power.png
[INFO] [DiceTheSpireCore] Could not find power image path: res://DiceTheSpireCore\images\powers\shock_power.png
[INFO] Player 1 obtained CARD.THEINVENTOR-ICICLE from card reward
[INFO] Player vote changed for 1: ->MapVote (gen: 1 coord: (2, 2))
[INFO] Wrote 110538 bytes to path=user://steam/76561199045178842/modded/profile1\saves\progress.save save_dir=user://steam/76561199045178842
[INFO] Wrote 110538 bytes to modded/profile1/saves/progress.save in steam remote store
[INFO] Wrote 52527 bytes to path=user://steam/76561199045178842/modded/profile1\saves\current_run.save save_dir=user://steam/76561199045178842
[INFO] Wrote 52527 bytes to modded/profile1/saves/current_run.save in steam remote store
[INFO] Unloading 1 missed cache assets
[INFO] Preloading 'Combat Room' assets... count=5 vfx=0
[INFO] Preloading 'Combat Room' Complete: assets=5 time_elapsed=75ms
[INFO] Creating NCombatRoom with mode=ActiveCombat encounter=NIBBITS_WEAK.
[WARN] Asset not cached: res://images/powers/dexterity_power.png
[INFO] Player 1 playing card THEINVENTOR-ICICLE (no target)
[INFO] Player 1 playing card THEINVENTOR-STRIKE_INVENTOR (targeting Nibbit (index 1))
[INFO] Monster NIBBIT performing move BUTT_MOVE
[INFO] Player 1 playing card THEINVENTOR-DEFEND_INVENTOR (no target)
[INFO] Player 1 playing card THEINVENTOR-STRIKE_INVENTOR (targeting Nibbit (index 1))
[INFO] Player 1 playing card THEINVENTOR-DEFEND_INVENTOR (no target)
[INFO] Player 1 playing card THEINVENTOR-DEFEND_INVENTOR (no target)
[INFO] Monster NIBBIT performing move SLICE_MOVE
[INFO] Player 1 playing card THEINVENTOR-SPANNER (no target)
[INFO] Player 1 chose cards [THEINVENTOR-CAPACITOR,THEINVENTOR-DEFEND_INVENTOR]
[INFO] Player 1 playing card THEINVENTOR-DEFEND_INVENTOR (no target)
[INFO] Monster NIBBIT performing move HISS_MOVE
[WARN] Asset not cached: res://images/powers/strength_power.png
[INFO] Player 1 playing card THEINVENTOR-STRIKE_INVENTOR (targeting Nibbit (index 1))
[INFO] Player 1 chose cards [THEINVENTOR-DEFEND_INVENTOR]
[INFO] Wrote 53617 bytes to path=user://steam/76561199045178842/modded/profile1\saves\current_run.save save_dir=user://steam/76561199045178842
[INFO] Wrote 53617 bytes to modded/profile1/saves/current_run.save in steam remote store
[INFO] CHARACTER.THEINVENTOR-THE_INVENTOR fought ENCOUNTER.NIBBITS_WEAK for the first time and WON >:)
[INFO] CHARACTER.THEINVENTOR-THE_INVENTOR fought MONSTER.NIBBIT for the first time and WON >:(
[INFO] Wrote 110798 bytes to path=user://steam/76561199045178842/modded/profile1\saves\progress.save save_dir=user://steam/76561199045178842
[INFO] Wrote 110798 bytes to modded/profile1/saves/progress.save in steam remote store
[INFO] Card rarity: Rolled 0.4215715, need < 0.01 for rare (offset = -0.02)
[INFO] Card rarity: Rolled 0.42492944, need < 0.02 for rare (offset = -0.01)
[INFO] Card rarity: Rolled 0.91527945, need < 0.03 for rare (offset = 0)
[INFO] Player 1 obtained 11 gold from reward
[INFO] Player 1 obtained POTION.HEART_OF_IRON from potion reward
[INFO] Player 1 selected card reward
[INFO] Player 1 obtained CARD.THEINVENTOR-HAMMER from card reward
[INFO] Player vote changed for 1: ->MapVote (gen: 1 coord: (1, 3))
[INFO] Wrote 110861 bytes to path=user://steam/76561199045178842/modded/profile1\saves\progress.save save_dir=user://steam/76561199045178842
[INFO] Wrote 110861 bytes to modded/profile1/saves/progress.save in steam remote store
[INFO] Wrote 55350 bytes to path=user://steam/76561199045178842/modded/profile1\saves\current_run.save save_dir=user://steam/76561199045178842
[INFO] Wrote 55350 bytes to modded/profile1/saves/current_run.save in steam remote store
[INFO] Unloading 2 missed cache assets
[INFO] Preloading 'Combat Room' assets... count=5 vfx=0
[INFO] Preloading 'Combat Room' Complete: assets=5 time_elapsed=113ms
[INFO] Creating NCombatRoom with mode=ActiveCombat encounter=SHRINKER_BEETLE_WEAK.
[WARN] Asset not cached: res://images/powers/dexterity_power.png
[INFO] Player 1 playing card THEINVENTOR-STRIKE_INVENTOR (targeting Shrinker Beetle (index 1))
[INFO] Player 1 playing card THEINVENTOR-DEFEND_INVENTOR (no target)
[INFO] Player 1 playing card THEINVENTOR-SPANNER (no target)
[INFO] Player 1 chose cards [THEINVENTOR-DEFEND_INVENTOR]
[INFO] Player 1 playing card THEINVENTOR-STRIKE_INVENTOR (targeting Shrinker Beetle (index 1))
[INFO] Monster SHRINKER_BEETLE performing move SHRINKER_MOVE
[WARN] Asset not cached: res://images/powers/shrink_power.png
[INFO] Player 1 playing card THEINVENTOR-DEFEND_INVENTOR (no target)
[INFO] Player 1 playing card THEINVENTOR-STRIKE_INVENTOR (targeting Shrinker Beetle (index 1))
[INFO] Player 1 playing card THEINVENTOR-STRIKE_INVENTOR (targeting Shrinker Beetle (index 1))
[INFO] Monster SHRINKER_BEETLE performing move CHOMP_MOVE
[INFO] Player 1 playing card THEINVENTOR-ICICLE (no target)
[INFO] Player 1 playing card THEINVENTOR-HAMMER (targeting Shrinker Beetle (index 1))
[WARN] Asset not cached: res://images/powers/vulnerable_power.png
[INFO] Monster SHRINKER_BEETLE performing move STOMP_MOVE
[INFO] Player 1 playing card THEINVENTOR-STRIKE_INVENTOR (targeting Shrinker Beetle (index 1))
[INFO] Player 1 playing card THEINVENTOR-STRIKE_INVENTOR (targeting Shrinker Beetle (index 1))
[INFO] Player 1 chose cards [THEINVENTOR-STRIKE_INVENTOR]
[INFO] Wrote 56491 bytes to path=user://steam/76561199045178842/modded/profile1\saves\current_run.save save_dir=user://steam/76561199045178842
[INFO] Wrote 56491 bytes to modded/profile1/saves/current_run.save in steam remote store
[INFO] CHARACTER.THEINVENTOR-THE_INVENTOR fought ENCOUNTER.SHRINKER_BEETLE_WEAK for the first time and WON >:)
[INFO] CHARACTER.THEINVENTOR-THE_INVENTOR fought MONSTER.SHRINKER_BEETLE for the first time and WON >:(
[INFO] Wrote 111121 bytes to path=user://steam/76561199045178842/modded/profile1\saves\progress.save save_dir=user://steam/76561199045178842
[INFO] Wrote 111121 bytes to modded/profile1/saves/progress.save in steam remote store
[INFO] Card rarity: Rolled 0.48048925, need < 0.04 for rare (offset = 0.01)
[INFO] Card rarity: Rolled 0.6062551, need < 0.049999997 for rare (offset = 0.02)
[INFO] Card rarity: Rolled 0.22497109, need < 0.06 for rare (offset = 0.03)
[INFO] Player 1 obtained 10 gold from reward
[INFO] Player 1 obtained POTION.POWER_POTION from potion reward
[INFO] Player 1 selected card reward
[WARN] Asset not cached: res://TheInventor\images\charui/text_energy.png
[INFO] Player 1 obtained CARD.THEINVENTOR-SNOWFLAKE from card reward
[INFO] Player vote changed for 1: ->MapVote (gen: 1 coord: (2, 4))
[INFO] Wrote 111224 bytes to path=user://steam/76561199045178842/modded/profile1\saves\progress.save save_dir=user://steam/76561199045178842
[INFO] Wrote 111224 bytes to modded/profile1/saves/progress.save in steam remote store
[INFO] Wrote 58266 bytes to path=user://steam/76561199045178842/modded/profile1\saves\current_run.save save_dir=user://steam/76561199045178842
[INFO] Wrote 58266 bytes to modded/profile1/saves/current_run.save in steam remote store
[INFO] Unloading 4 missed cache assets
[INFO] Preloading 'Event Room' assets... count=2 vfx=1
[INFO] Preloading 'Event Room' Complete: assets=3 time_elapsed=129ms
[INFO] Player 1 selected card reward
[INFO] Player 1 obtained CARD.THEINVENTOR-PUPPY_PAWS from card reward
[INFO] Player vote changed for 1: ->MapVote (gen: 1 coord: (3, 5))
[INFO] Wrote 111336 bytes to path=user://steam/76561199045178842/modded/profile1\saves\progress.save save_dir=user://steam/76561199045178842
[INFO] Wrote 111336 bytes to modded/profile1/saves/progress.save in steam remote store
[INFO] Wrote 61549 bytes to path=user://steam/76561199045178842/modded/profile1\saves\current_run.save save_dir=user://steam/76561199045178842
[INFO] Wrote 61549 bytes to modded/profile1/saves/current_run.save in steam remote store
[INFO] Preloading 'Treasure Room' assets... count=2 vfx=0
[INFO] Preloading 'Treasure Room' Complete: assets=2 time_elapsed=118ms
[INFO] Player vote changed for 1: ->MapVote (gen: 1 coord: (2, 6))
[INFO] Wrote 111336 bytes to path=user://steam/76561199045178842/modded/profile1\saves\progress.save save_dir=user://steam/76561199045178842
[INFO] Wrote 111336 bytes to modded/profile1/saves/progress.save in steam remote store
[INFO] Wrote 62434 bytes to path=user://steam/76561199045178842/modded/profile1\saves\current_run.save save_dir=user://steam/76561199045178842
[INFO] Wrote 62434 bytes to modded/profile1/saves/current_run.save in steam remote store
[INFO] Preloading 'Combat Room' assets... count=12 vfx=0
[INFO] Preloading 'Combat Room' Complete: assets=12 time_elapsed=79ms
[INFO] Creating NCombatRoom with mode=ActiveCombat encounter=SLIMES_NORMAL.
[WARN] Asset not cached: res://images/powers/dexterity_power.png
[INFO] Player 1 playing card THEINVENTOR-DEFEND_INVENTOR (no target)
[INFO] Player 1 playing card THEINVENTOR-HAMMER (targeting Twig Slime (S) (index 4))
[WARN] Asset not cached: res://images/powers/vulnerable_power.png
[INFO] Player 1 playing card THEINVENTOR-STRIKE_INVENTOR (targeting Twig Slime (S) (index 4))
[INFO] Player 1 playing card THEINVENTOR-STRIKE_INVENTOR (targeting Leaf Slime (S) (index 3))
[INFO] Monster TWIG_SLIME_M performing move STICKY_SHOT_MOVE
[INFO] Monster LEAF_SLIME_M performing move STICKY_SHOT
[INFO] Monster LEAF_SLIME_S performing move GOOP_MOVE
[INFO] Player 1 playing card THEINVENTOR-SPANNER (no target)
[INFO] Player 1 chose cards [THEINVENTOR-CAPACITOR,THEINVENTOR-SNOWFLAKE]
[INFO] Player 1 playing card THEINVENTOR-DEFEND_INVENTOR (no target)
[INFO] Player 1 playing card SLIMED (no target)
[INFO] Player 1 playing card THEINVENTOR-HAMMER (targeting Twig Slime (M) (index 1))
[WARN] Asset not cached: res://images/powers/block_next_turn_power.png
[INFO] Monster TWIG_SLIME_M performing move POKEY_POUNCE_MOVE
[INFO] Monster LEAF_SLIME_M performing move CLUMP_SHOT
[INFO] Monster LEAF_SLIME_S performing move TACKLE_MOVE
[WARN] Asset not cached: res://images/powers/strength_power.png
[INFO] Player 1 playing card THEINVENTOR-ICICLE (no target)
[INFO] Player 1 playing card THEINVENTOR-STRIKE_INVENTOR (targeting Twig Slime (M) (index 1))
[INFO] Monster TWIG_SLIME_M performing move POKEY_POUNCE_MOVE
[INFO] Monster LEAF_SLIME_M performing move STICKY_SHOT
[INFO] Monster LEAF_SLIME_S performing move GOOP_MOVE
[INFO] Player 1 playing card THEINVENTOR-STRIKE_INVENTOR (targeting Leaf Slime (S) (index 3))
[INFO] Player 1 playing card THEINVENTOR-SPANNER (no target)
[INFO] Player 1 chose cards [THEINVENTOR-DEFEND_INVENTOR,THEINVENTOR-DEFEND_INVENTOR]
[INFO] Player 1 playing card SLIMED (no target)
[INFO] Player 1 playing card THEINVENTOR-DEFEND_INVENTOR (no target)
[INFO] Monster TWIG_SLIME_M performing move STICKY_SHOT_MOVE
[INFO] Monster LEAF_SLIME_M performing move CLUMP_SHOT
[INFO] Monster LEAF_SLIME_S performing move TACKLE_MOVE
[INFO] Player 1 playing card THEINVENTOR-HAMMER (targeting Twig Slime (M) (index 1))
[INFO] Player 1 playing card SLIMED (no target)
[INFO] Player 1 playing card SLIMED (no target)
[INFO] Player 1 playing card THEINVENTOR-STRIKE_INVENTOR (targeting Leaf Slime (S) (index 2))
[INFO] Monster LEAF_SLIME_M performing move STICKY_SHOT
[WARN] Warning: Packet writer is growing from 4096 bytes to 8192 bytes!
[INFO] Player 1 chose cards [THEINVENTOR-STRIKE_INVENTOR]
[INFO] Wrote 63650 bytes to path=user://steam/76561199045178842/modded/profile1\saves\current_run.save save_dir=user://steam/76561199045178842
[INFO] Wrote 63650 bytes to modded/profile1/saves/current_run.save in steam remote store
[INFO] CHARACTER.THEINVENTOR-THE_INVENTOR fought ENCOUNTER.SLIMES_NORMAL for the first time and WON >:)
[INFO] CHARACTER.THEINVENTOR-THE_INVENTOR fought MONSTER.TWIG_SLIME_M for the first time and WON >:(
[INFO] CHARACTER.THEINVENTOR-THE_INVENTOR fought MONSTER.LEAF_SLIME_M for the first time and WON >:(
[INFO] CHARACTER.THEINVENTOR-THE_INVENTOR fought MONSTER.LEAF_SLIME_S for the first time and WON >:(
[INFO] CHARACTER.THEINVENTOR-THE_INVENTOR fought MONSTER.TWIG_SLIME_S for the first time and WON >:(
[INFO] Wrote 111986 bytes to path=user://steam/76561199045178842/modded/profile1\saves\progress.save save_dir=user://steam/76561199045178842
[INFO] Wrote 111986 bytes to modded/profile1/saves/progress.save in steam remote store
[INFO] Card rarity: Rolled 0.16630617, need < 0.07 for rare (offset = 0.04)
[INFO] Card rarity: Rolled 0.72818244, need < 0.08 for rare (offset = 0.049999997)
[INFO] Card rarity: Rolled 0.21384497, need < 0.089999996 for rare (offset = 0.059999995)
[INFO] Player 1 obtained 14 gold from reward
[INFO] Player 1 selected card reward
[INFO] Player 1 obtained CARD.THEINVENTOR-THIS_IS_FINE from card reward
[INFO] Player vote changed for 1: ->MapVote (gen: 1 coord: (2, 7))
[INFO] Wrote 111986 bytes to path=user://steam/76561199045178842/modded/profile1\saves\progress.save save_dir=user://steam/76561199045178842
[INFO] Wrote 111986 bytes to modded/profile1/saves/progress.save in steam remote store
[INFO] Wrote 65072 bytes to path=user://steam/76561199045178842/modded/profile1\saves\current_run.save save_dir=user://steam/76561199045178842
[INFO] Wrote 65072 bytes to modded/profile1/saves/current_run.save in steam remote store
[INFO] Unloading 4 missed cache assets
[INFO] Preloading 'RestSite Room' assets... count=3 vfx=2
[INFO] Preloading 'RestSite Room' Complete: assets=5 time_elapsed=194ms
[INFO] Player 1 chose cards [THEINVENTOR-THIS_IS_FINE]
[INFO] Player vote changed for 1: ->MapVote (gen: 1 coord: (1, 8))
[INFO] Wrote 111986 bytes to path=user://steam/76561199045178842/modded/profile1\saves\progress.save save_dir=user://steam/76561199045178842
[INFO] Wrote 111986 bytes to modded/profile1/saves/progress.save in steam remote store
[INFO] Wrote 65977 bytes to path=user://steam/76561199045178842/modded/profile1\saves\current_run.save save_dir=user://steam/76561199045178842
[INFO] Wrote 65977 bytes to modded/profile1/saves/current_run.save in steam remote store
[INFO] Preloading 'Combat Room' assets... count=9 vfx=0
[INFO] Preloading 'Combat Room' Complete: assets=9 time_elapsed=113ms
[INFO] Creating NCombatRoom with mode=ActiveCombat encounter=CUBEX_CONSTRUCT_NORMAL.
[WARN] Asset not cached: res://images/powers/dexterity_power.png
[WARN] Asset not cached: res://images/powers/artifact_power.png
[INFO] Player 1 playing card THEINVENTOR-STRIKE_INVENTOR (targeting Cubex Construct (index 1))
[INFO] Player 1 playing card THEINVENTOR-SPANNER (no target)
[INFO] Player 1 chose cards [THEINVENTOR-SNOWFLAKE,THEINVENTOR-DEFEND_INVENTOR]
[INFO] Player 1 playing card THEINVENTOR-STRIKE_INVENTOR (targeting Cubex Construct (index 1))
[WARN] Asset not cached: res://images/powers/block_next_turn_power.png
[INFO] Monster CUBEX_CONSTRUCT performing move CHARGE_UP_MOVE
[WARN] Asset not cached: res://images/powers/strength_power.png
[INFO] Player 1 playing card THEINVENTOR-HAMMER (targeting Cubex Construct (index 1))
[INFO] Player 1 playing card THEINVENTOR-DEFEND_INVENTOR (no target)
[INFO] Player 1 playing card THEINVENTOR-DEFEND_INVENTOR (no target)
[INFO] Monster CUBEX_CONSTRUCT performing move REPEATER_BLAST_MOVE
[INFO] Player 1 playing card THEINVENTOR-STRIKE_INVENTOR (targeting Cubex Construct (index 1))
[INFO] Player 1 playing card THEINVENTOR-DEFEND_INVENTOR (no target)
[INFO] Player 1 playing card THEINVENTOR-SPANNER (no target)
[INFO] Player 1 chose cards [THEINVENTOR-ICICLE]
[INFO] Player 1 playing card THEINVENTOR-DEFEND_INVENTOR (no target)
[INFO] Monster CUBEX_CONSTRUCT performing move REPEATER_BLAST_MOVE_2
[INFO] Player 1 playing card THEINVENTOR-PUPPY_PAWS (no target)
[INFO] Player 1 playing card THEINVENTOR-DEFEND_INVENTOR (no target)
[INFO] Player 1 playing card THEINVENTOR-HAMMER (targeting Cubex Construct (index 1))
[WARN] Asset not cached: res://images/powers/vulnerable_power.png
[INFO] Player 1 chose cards [THEINVENTOR-ICICLE]
[INFO] Wrote 67098 bytes to path=user://steam/76561199045178842/modded/profile1\saves\current_run.save save_dir=user://steam/76561199045178842
[INFO] Wrote 67098 bytes to modded/profile1/saves/current_run.save in steam remote store
[INFO] CHARACTER.THEINVENTOR-THE_INVENTOR fought ENCOUNTER.CUBEX_CONSTRUCT_NORMAL for the first time and WON >:)
[INFO] CHARACTER.THEINVENTOR-THE_INVENTOR fought MONSTER.CUBEX_CONSTRUCT for the first time and WON >:(
[INFO] Wrote 112352 bytes to path=user://steam/76561199045178842/modded/profile1\saves\progress.save save_dir=user://steam/76561199045178842
[INFO] Wrote 112352 bytes to modded/profile1/saves/progress.save in steam remote store
[INFO] Card rarity: Rolled 0.7864182, need < 0.099999994 for rare (offset = 0.06999999)
[INFO] Card rarity: Rolled 0.67219, need < 0.10999999 for rare (offset = 0.07999999)
[INFO] Card rarity: Rolled 0.6517261, need < 0.11999999 for rare (offset = 0.08999999)
[INFO] Player 1 obtained 18 gold from reward
[INFO] Player 1 obtained POTION.POWER_POTION from potion reward
[INFO] Player 1 selected card reward
[INFO] Player 1 obtained CARD.THEINVENTOR-SNOWFLAKE from card reward
[INFO] Player vote changed for 1: ->MapVote (gen: 1 coord: (2, 9))
[INFO] Wrote 112427 bytes to path=user://steam/76561199045178842/modded/profile1\saves\progress.save save_dir=user://steam/76561199045178842
[INFO] Wrote 112427 bytes to modded/profile1/saves/progress.save in steam remote store
[INFO] Wrote 68846 bytes to path=user://steam/76561199045178842/modded/profile1\saves\current_run.save save_dir=user://steam/76561199045178842
[INFO] Wrote 68846 bytes to modded/profile1/saves/current_run.save in steam remote store
[INFO] Unloading 5 missed cache assets
[INFO] Preloading 'Treasure Room' assets... count=2 vfx=0
[INFO] Preloading 'Treasure Room' Complete: assets=2 time_elapsed=39ms
[INFO] Player vote changed for 1: ->MapVote (gen: 1 coord: (2, 10))
[INFO] Wrote 112427 bytes to path=user://steam/76561199045178842/modded/profile1\saves\progress.save save_dir=user://steam/76561199045178842
[INFO] Wrote 112427 bytes to modded/profile1/saves/progress.save in steam remote store
[INFO] Wrote 69741 bytes to path=user://steam/76561199045178842/modded/profile1\saves\current_run.save save_dir=user://steam/76561199045178842
[INFO] Wrote 69741 bytes to modded/profile1/saves/current_run.save in steam remote store
[INFO] Preloading 'Combat Room' assets... count=13 vfx=0
[INFO] Preloading 'Combat Room' Complete: assets=13 time_elapsed=96ms
[INFO] Creating NCombatRoom with mode=ActiveCombat encounter=RUBY_RAIDERS_NORMAL.
[WARN] Asset not cached: res://images/powers/dexterity_power.png
[WARN] Asset not cached: res://images/powers/weak_power.png
[INFO] Player 1 playing card THEINVENTOR-DEFEND_INVENTOR (no target)
[INFO] Player 1 playing card THEINVENTOR-STRIKE_INVENTOR (targeting Crossbow Raider (index 3))
[INFO] Player 1 playing card THEINVENTOR-DEFEND_INVENTOR (no target)
[WARN] Asset not cached: res://images/powers/block_next_turn_power.png
[INFO] Monster BRUTE_RUBY_RAIDER performing move BEAT_MOVE
[INFO] Monster TRACKER_RUBY_RAIDER performing move TRACK_MOVE
[WARN] Asset not cached: res://images/powers/frail_power.png
[INFO] Monster CROSSBOW_RUBY_RAIDER performing move RELOAD_MOVE
[INFO] Player 1 playing card THEINVENTOR-PUPPY_PAWS (no target)
[INFO] Player 1 playing card THEINVENTOR-DEFEND_INVENTOR (no target)
[INFO] Player 1 playing card THEINVENTOR-HAMMER (targeting Crossbow Raider (index 3))
[WARN] Asset not cached: res://images/powers/vulnerable_power.png
[INFO] Player 1 chose cards []
[INFO] Monster BRUTE_RUBY_RAIDER performing move ROAR_MOVE
cannot find sfx path: event:/sfx/enemy/enemy_attacks/brute_ruby_raider/brute_ruby_raider_cast
[WARN] could not find 'cast' animation on 'Visuals'
[WARN] Asset not cached: res://images/powers/strength_power.png
[INFO] Monster TRACKER_RUBY_RAIDER performing move HOUNDS_MOVE
[INFO] Monster CROSSBOW_RUBY_RAIDER performing move FIRE_MOVE
[INFO] Player 1 playing card THEINVENTOR-HAMMER (targeting Crossbow Raider (index 3))
[INFO] Player 1 playing card THEINVENTOR-STRIKE_INVENTOR (targeting Brute Raider (index 1))
[INFO] Player 1 playing card THEINVENTOR-SPANNER (no target)
[INFO] Player 1 chose cards [THEINVENTOR-CAPACITOR]
[INFO] Player 1 playing card THEINVENTOR-HAMMER (targeting Brute Raider (index 1))
[INFO] Monster BRUTE_RUBY_RAIDER performing move BEAT_MOVE
[INFO] Monster TRACKER_RUBY_RAIDER performing move HOUNDS_MOVE
[INFO] Player 1 playing card THEINVENTOR-DEFEND_INVENTOR (no target)
[INFO] Monster BRUTE_RUBY_RAIDER performing move ROAR_MOVE
cannot find sfx path: event:/sfx/enemy/enemy_attacks/brute_ruby_raider/brute_ruby_raider_cast
[WARN] could not find 'cast' animation on 'Visuals'
[INFO] Monster TRACKER_RUBY_RAIDER performing move HOUNDS_MOVE
[INFO] Player 1 playing card THEINVENTOR-DEFEND_INVENTOR (no target)
[INFO] Player 1 playing card THEINVENTOR-DEFEND_INVENTOR (no target)
[INFO] Monster BRUTE_RUBY_RAIDER performing move BEAT_MOVE
[INFO] Monster TRACKER_RUBY_RAIDER performing move HOUNDS_MOVE
[INFO] Player 1 playing card THEINVENTOR-HAMMER (targeting Tracker Raider (index 2))
[INFO] Player 1 playing card THEINVENTOR-SPANNER (no target)
[INFO] Player 1 chose cards [THEINVENTOR-SNOWFLAKE,THEINVENTOR-THIS_IS_FINE]
[INFO] Player 1 playing card THEINVENTOR-STRIKE_INVENTOR (targeting Brute Raider (index 1))
[INFO] Player 1 chose cards [THEINVENTOR-DEFEND_INVENTOR]
[INFO] Wrote 70953 bytes to path=user://steam/76561199045178842/modded/profile1\saves\current_run.save save_dir=user://steam/76561199045178842
[INFO] Wrote 70953 bytes to modded/profile1/saves/current_run.save in steam remote store
[INFO] CHARACTER.THEINVENTOR-THE_INVENTOR fought ENCOUNTER.RUBY_RAIDERS_NORMAL for the first time and WON >:)
[INFO] CHARACTER.THEINVENTOR-THE_INVENTOR fought MONSTER.BRUTE_RUBY_RAIDER for the first time and WON >:(
[INFO] CHARACTER.THEINVENTOR-THE_INVENTOR fought MONSTER.TRACKER_RUBY_RAIDER for the first time and WON >:(
[INFO] CHARACTER.THEINVENTOR-THE_INVENTOR fought MONSTER.CROSSBOW_RUBY_RAIDER for the first time and WON >:(
[INFO] Wrote 113050 bytes to path=user://steam/76561199045178842/modded/profile1\saves\progress.save save_dir=user://steam/76561199045178842
[INFO] Wrote 113050 bytes to modded/profile1/saves/progress.save in steam remote store
[INFO] Card rarity: Rolled 0.43689832, need < 0.12999998 for rare (offset = 0.09999999)
[INFO] Card rarity: Rolled 0.16333003, need < 0.13999999 for rare (offset = 0.109999985)
[INFO] Card rarity: Rolled 0.8683284, need < 0.14999998 for rare (offset = 0.11999998)
[INFO] Player 1 obtained 20 gold from reward
[INFO] Player 1 selected card reward
[WARN] Asset not cached: res://TheInventor\images\charui/text_energy.png
[INFO] Player 1 obtained CARD.THEINVENTOR-SHOVEL from card reward
[INFO] Player vote changed for 1: ->MapVote (gen: 1 coord: (1, 11))
[INFO] Wrote 113121 bytes to path=user://steam/76561199045178842/modded/profile1\saves\progress.save save_dir=user://steam/76561199045178842
[INFO] Wrote 113121 bytes to modded/profile1/saves/progress.save in steam remote store
[INFO] Wrote 72435 bytes to path=user://steam/76561199045178842/modded/profile1\saves\current_run.save save_dir=user://steam/76561199045178842
[INFO] Wrote 72435 bytes to modded/profile1/saves/current_run.save in steam remote store
[INFO] Unloading 7 missed cache assets
[INFO] Preloading 'RestSite Room' assets... count=3 vfx=2
[INFO] Preloading 'RestSite Room' Complete: assets=5 time_elapsed=163ms
[INFO] Player 1 chose cards [THEINVENTOR-CAPACITOR]
[INFO] Player vote changed for 1: ->MapVote (gen: 1 coord: (1, 12))
[INFO] Wrote 113121 bytes to path=user://steam/76561199045178842/modded/profile1\saves\progress.save save_dir=user://steam/76561199045178842
[INFO] Wrote 113121 bytes to modded/profile1/saves/progress.save in steam remote store
[INFO] Wrote 73338 bytes to path=user://steam/76561199045178842/modded/profile1\saves\current_run.save save_dir=user://steam/76561199045178842
[INFO] Wrote 73338 bytes to modded/profile1/saves/current_run.save in steam remote store
[INFO] Preloading 'Combat Room' assets... count=10 vfx=0
[INFO] Preloading 'Combat Room' Complete: assets=10 time_elapsed=96ms
[INFO] Creating NCombatRoom with mode=ActiveCombat encounter=BYGONE_EFFIGY_ELITE.
[WARN] Asset not cached: res://images/powers/dexterity_power.png
[WARN] Asset not cached: res://images/powers/slow_power.png
[INFO] Player 1 playing card THEINVENTOR-SHOVEL (targeting Bygone Effigy (index 1))
[WARN] Asset not cached: res://images/powers/weak_power.png
[INFO] Player 1 playing card THEINVENTOR-SPANNER (no target)
[INFO] Player 1 chose cards [THEINVENTOR-DEFEND_INVENTOR,THEINVENTOR-PUPPY_PAWS]
[INFO] Player 1 playing card THEINVENTOR-SHOVEL (targeting Bygone Effigy (index 1))
[INFO] Monster BYGONE_EFFIGY performing move SLEEP_MOVE
[INFO] Player 1 playing card THEINVENTOR-DEFEND_INVENTOR (no target)
[INFO] Player 1 playing card THEINVENTOR-STRIKE_INVENTOR (targeting Bygone Effigy (index 1))
[INFO] Player 1 using potion POWER_POTION (targeting The Inventor (index 0))
[INFO] Player 1 chose cards [THEINVENTOR-SPIKE]
[INFO] Player 1 playing card THEINVENTOR-SPIKE (no target)
[INFO] [TheInventor] Could not find power image path: res://TheInventor\images\powers\spike_power.png
[WARN] Asset not cached: res://TheInventor\images\powers\big\power.png
[INFO] [TheInventor] Could not find power image path: res://TheInventor\images\powers\spike_power.png
[INFO] [TheInventor] Could not find power image path: res://TheInventor\images\powers\spike_power.png
[INFO] [TheInventor] Could not find power image path: res://TheInventor\images\powers\spike_power.png
[WARN] Asset not cached: res://images/powers/block_next_turn_power.png
[INFO] Monster BYGONE_EFFIGY performing move WAKE_MOVE
[WARN] Asset not cached: res://images/powers/strength_power.png
[INFO] [TheInventor] Could not find power image path: res://TheInventor\images\powers\spike_power.png
[INFO] [TheInventor] Could not find power image path: res://TheInventor\images\powers\spike_power.png
[INFO] [TheInventor] Could not find power image path: res://TheInventor\images\powers\spike_power.png
[INFO] [TheInventor] Could not find power image path: res://TheInventor\images\powers\spike_power.png
[INFO] [TheInventor] Could not find power image path: res://TheInventor\images\powers\spike_power.png
[INFO] [TheInventor] Could not find power image path: res://TheInventor\images\powers\spike_power.png
[INFO] [TheInventor] Could not find power image path: res://TheInventor\images\powers\spike_power.png
[INFO] [TheInventor] Could not find power image path: res://TheInventor\images\powers\spike_power.png
[INFO] Player 1 playing card THEINVENTOR-HAMMER (targeting Bygone Effigy (index 1))
[WARN] Asset not cached: res://images/powers/vulnerable_power.png
[INFO] [TheInventor] Could not find power image path: res://TheInventor\images\powers\spike_power.png
[INFO] Monster BYGONE_EFFIGY performing move SLASHES_MOVE
[INFO] Player 1 playing card THEINVENTOR-DEFEND_INVENTOR (no target)
[INFO] Player 1 playing card THEINVENTOR-SPANNER (no target)
[INFO] Player 1 chose cards [THEINVENTOR-DEFEND_INVENTOR,THEINVENTOR-STRIKE_INVENTOR]
[INFO] Player 1 chose cards [THEINVENTOR-DEFEND_INVENTOR,THEINVENTOR-STRIKE_INVENTOR]
[INFO] Monster BYGONE_EFFIGY performing move SLASHES_MOVE
[INFO] Player 1 playing card THEINVENTOR-DEFEND_INVENTOR (no target)
[INFO] Monster BYGONE_EFFIGY performing move SLASHES_MOVE
[INFO] Player 1 playing card THEINVENTOR-HAMMER (targeting Bygone Effigy (index 1))
[INFO] Player 1 chose cards [THEINVENTOR-STRIKE_INVENTOR]
[INFO] Wrote 74544 bytes to path=user://steam/76561199045178842/modded/profile1\saves\current_run.save save_dir=user://steam/76561199045178842
[INFO] Wrote 74544 bytes to modded/profile1/saves/current_run.save in steam remote store
[INFO] CHARACTER.THEINVENTOR-THE_INVENTOR fought ENCOUNTER.BYGONE_EFFIGY_ELITE for the first time and WON >:)
[INFO] CHARACTER.THEINVENTOR-THE_INVENTOR fought MONSTER.BYGONE_EFFIGY for the first time and WON >:(
[INFO] Wrote 113480 bytes to path=user://steam/76561199045178842/modded/profile1\saves\progress.save save_dir=user://steam/76561199045178842
[INFO] Wrote 113480 bytes to modded/profile1/saves/progress.save in steam remote store
[INFO] Card rarity: Rolled 0.34480017, need < 0.22999999 for rare (offset = 0.12999998)
[INFO] Card rarity: Rolled 0.74677867, need < 0.23999998 for rare (offset = 0.13999999)
[INFO] Card rarity: Rolled 0.5952845, need < 0.25 for rare (offset = 0.14999999)
[WARN] Asset not cached: res://images/relics/venerable_tea_set.png
[INFO] Player 1 obtained 37 gold from reward
[INFO] Player 1 obtained POTION.HEART_OF_IRON from potion reward
[INFO] Player 1 obtained RELIC.VENERABLE_TEA_SET from relic reward
[INFO] Player 1 selected card reward
[INFO] [TheInventor] Could not find power image path: res://TheInventor\images\powers\exhaustion_power.png
[INFO] [TheInventor] Could not find power image path: res://TheInventor\images\powers\exhaustion_power.png
[INFO] [TheInventor] Could not find power image path: res://TheInventor\images\powers\exhaustion_power.png
[INFO] Player 1 obtained CARD.THEINVENTOR-SPOOKY_NOISES from card reward
[INFO] Player vote changed for 1: ->MapVote (gen: 1 coord: (2, 13))
[INFO] Wrote 113519 bytes to path=user://steam/76561199045178842/modded/profile1\saves\progress.save save_dir=user://steam/76561199045178842
[INFO] Wrote 113519 bytes to modded/profile1/saves/progress.save in steam remote store
[INFO] Wrote 76663 bytes to path=user://steam/76561199045178842/modded/profile1\saves\current_run.save save_dir=user://steam/76561199045178842
[INFO] Wrote 76663 bytes to modded/profile1/saves/current_run.save in steam remote store
[INFO] Unloading 8 missed cache assets
[INFO] Preloading 'Event Room' assets... count=2 vfx=1
[INFO] Preloading 'Event Room' Complete: assets=3 time_elapsed=80ms
[WARN] Asset not cached: res://scenes/screens/card_selection/deck_transform_select_screen.tscn
[INFO] Player 1 chose cards [THEINVENTOR-DEFEND_INVENTOR]
[INFO] Player vote changed for 1: ->MapVote (gen: 1 coord: (3, 14))
[INFO] Wrote 113557 bytes to path=user://steam/76561199045178842/modded/profile1\saves\progress.save save_dir=user://steam/76561199045178842
[INFO] Wrote 113557 bytes to modded/profile1/saves/progress.save in steam remote store
[INFO] Wrote 78466 bytes to path=user://steam/76561199045178842/modded/profile1\saves\current_run.save save_dir=user://steam/76561199045178842
[INFO] Wrote 78466 bytes to modded/profile1/saves/current_run.save in steam remote store
[INFO] Unloading 1 missed cache assets
[INFO] Preloading 'Combat Room' assets... count=12 vfx=0
[INFO] Preloading 'Combat Room' Complete: assets=12 time_elapsed=78ms
[INFO] Creating NCombatRoom with mode=ActiveCombat encounter=SLITHERING_STRANGLER_NORMAL.
[WARN] Asset not cached: res://images/powers/dexterity_power.png
[INFO] Player 1 playing card THEINVENTOR-HAMMER (targeting Snapping Jaxfruit (index 1))
[WARN] Asset not cached: res://images/powers/vulnerable_power.png
[INFO] Player 1 playing card THEINVENTOR-SCRAP_STRIKE (targeting Snapping Jaxfruit (index 1))
[WARN] Asset not cached: res://images/powers/block_next_turn_power.png
[INFO] Monster SNAPPING_JAXFRUIT performing move ENERGY_ORB_MOVE
[WARN] Asset not cached: res://images/powers/strength_power.png
[INFO] Monster SLITHERING_STRANGLER performing move CONSTRICT
[WARN] Asset not cached: res://images/powers/constrict_power.png
[INFO] [TheInventor] Could not find power image path: res://TheInventor\images\powers\exhaustion_power.png
[INFO] [TheInventor] Could not find power image path: res://TheInventor\images\powers\exhaustion_power.png
[INFO] [TheInventor] Could not find power image path: res://TheInventor\images\powers\exhaustion_power.png
[INFO] [TheInventor] Could not find power image path: res://TheInventor\images\powers\exhaustion_power.png
[INFO] [TheInventor] Could not find power image path: res://TheInventor\images\powers\exhaustion_power.png
[INFO] [TheInventor] Could not find power image path: res://TheInventor\images\powers\exhaustion_power.png
[INFO] Player 1 playing card THEINVENTOR-SHOVEL (targeting Snapping Jaxfruit (index 1))
cannot find sfx path: event:/sfx/enemy/enemy_attacks/snapping_jaxfruit/snapping_jaxfruit_die
[INFO] [TheInventor] Could not find power image path: res://TheInventor\images\powers\exhaustion_power.png
[INFO] Player 1 playing card THEINVENTOR-SPOOKY_NOISES (no target)
[INFO] [TheInventor] Could not find power image path: res://TheInventor\images\powers\exhaustion_power.png
[WARN] Asset not cached: res://TheInventor\images\powers\big\power.png
[INFO] Player 1 playing card THEINVENTOR-PUPPY_PAWS (no target)
[INFO] Monster SLITHERING_STRANGLER performing move THWACK
[INFO] Player 1 playing card THEINVENTOR-SHOVEL (targeting Slithering Strangler (index 1))
[WARN] Asset not cached: res://images/powers/weak_power.png
[INFO] Player 1 playing card THEINVENTOR-PUPPY_PAWS (no target)
[INFO] Monster SLITHERING_STRANGLER performing move CONSTRICT
[INFO] Player 1 playing card THEINVENTOR-HAMMER (targeting Slithering Strangler (index 1))
[INFO] [TheInventor] Could not find power image path: res://TheInventor\images\powers\exhaustion_power.png
[INFO] Player 1 chose cards [THEINVENTOR-SCRAP_STRIKE]
[INFO] Wrote 79642 bytes to path=user://steam/76561199045178842/modded/profile1\saves\current_run.save save_dir=user://steam/76561199045178842
[INFO] Wrote 79642 bytes to modded/profile1/saves/current_run.save in steam remote store
[INFO] CHARACTER.THEINVENTOR-THE_INVENTOR fought ENCOUNTER.SLITHERING_STRANGLER_NORMAL for the first time and WON >:)
[INFO] CHARACTER.THEINVENTOR-THE_INVENTOR fought MONSTER.SNAPPING_JAXFRUIT for the first time and WON >:(
[INFO] CHARACTER.THEINVENTOR-THE_INVENTOR fought MONSTER.SLITHERING_STRANGLER for the first time and WON >:(
[INFO] Wrote 114058 bytes to path=user://steam/76561199045178842/modded/profile1\saves\progress.save save_dir=user://steam/76561199045178842
[INFO] Wrote 114058 bytes to modded/profile1/saves/progress.save in steam remote store
[INFO] Card rarity: Rolled 0.61131984, need < 0.19 for rare (offset = 0.16)
[INFO] Card rarity: Rolled 0.25484022, need < 0.2 for rare (offset = 0.17)
[INFO] Card rarity: Rolled 0.07631579, need < 0.21000001 for rare (offset = 0.18)
[INFO] Player 1 obtained 16 gold from reward
[INFO] Player 1 selected card reward
[INFO] Player 1 obtained CARD.THEINVENTOR-SCORPION from card reward
[INFO] Player vote changed for 1: ->MapVote (gen: 1 coord: (2, 15))
[INFO] Wrote 114128 bytes to path=user://steam/76561199045178842/modded/profile1\saves\progress.save save_dir=user://steam/76561199045178842
[INFO] Wrote 114128 bytes to modded/profile1/saves/progress.save in steam remote store
[INFO] Wrote 81115 bytes to path=user://steam/76561199045178842/modded/profile1\saves\current_run.save save_dir=user://steam/76561199045178842
[INFO] Wrote 81115 bytes to modded/profile1/saves/current_run.save in steam remote store
[INFO] Unloading 7 missed cache assets
[INFO] Preloading 'RestSite Room' assets... count=3 vfx=2
[INFO] Preloading 'RestSite Room' Complete: assets=5 time_elapsed=163ms
[INFO] [TheInventor] Could not find power image path: res://TheInventor\images\powers\exhaustion_power.png
[INFO] [TheInventor] Could not find power image path: res://TheInventor\images\powers\exhaustion_power.png
[INFO] [TheInventor] Could not find power image path: res://TheInventor\images\powers\exhaustion_power.png
[INFO] Player 1 chose cards [THEINVENTOR-SPOOKY_NOISES]
[INFO] Player vote changed for 1: ->MapVote (gen: 1 coord: (3, 16))
[INFO] Wrote 114128 bytes to path=user://steam/76561199045178842/modded/profile1\saves\progress.save save_dir=user://steam/76561199045178842
[INFO] Wrote 114128 bytes to modded/profile1/saves/progress.save in steam remote store
[INFO] Wrote 82021 bytes to path=user://steam/76561199045178842/modded/profile1\saves\current_run.save save_dir=user://steam/76561199045178842
[INFO] Wrote 82021 bytes to modded/profile1/saves/current_run.save in steam remote store
[INFO] Preloading 'Combat Room' assets... count=13 vfx=0
[INFO] Preloading 'Combat Room' Complete: assets=13 time_elapsed=147ms
[INFO] Creating NCombatRoom with mode=ActiveCombat encounter=CEREMONIAL_BEAST_BOSS.
[WARN] Asset not cached: res://images/powers/dexterity_power.png
[INFO] Player 1 playing card THEINVENTOR-SHOVEL (targeting Ceremonial Beast (index 1))
[WARN] Asset not cached: res://images/powers/weak_power.png
[WARN] Asset not cached: res://images/powers/block_next_turn_power.png
[INFO] Monster CEREMONIAL_BEAST performing move STAMP_MOVE
[WARN] Asset not cached: res://images/powers/plow_power.png
[INFO] [TheInventor] Could not find power image path: res://TheInventor\images\powers\exhaustion_power.png
[INFO] [TheInventor] Could not find power image path: res://TheInventor\images\powers\exhaustion_power.png
[INFO] Player 1 playing card THEINVENTOR-DEFEND_INVENTOR (no target)
[INFO] [TheInventor] Could not find power image path: res://TheInventor\images\powers\exhaustion_power.png
[INFO] Player 1 playing card THEINVENTOR-SPOOKY_NOISES (no target)
[INFO] [TheInventor] Could not find power image path: res://TheInventor\images\powers\exhaustion_power.png
[WARN] Asset not cached: res://TheInventor\images\powers\big\power.png
[INFO] [TheInventor] Could not find power image path: res://TheInventor\images\powers\exhaustion_power.png
[INFO] [TheInventor] Could not find power image path: res://TheInventor\images\powers\exhaustion_power.png
[INFO] [TheInventor] Could not find power image path: res://TheInventor\images\powers\exhaustion_power.png
[INFO] Player 1 playing card THEINVENTOR-PUPPY_PAWS (no target)
[WARN] Asset not cached: res://images/powers/poison_power.png
[INFO] Monster CEREMONIAL_BEAST performing move STUNNED
[WARN] Asset not cached: res://images/powers/strength_power.png
[INFO] [TheInventor] Could not find power image path: res://TheInventor\images\powers\exhaustion_power.png
[INFO] [TheInventor] Could not find power image path: res://TheInventor\images\powers\exhaustion_power.png
[INFO] Player 1 playing card THEINVENTOR-SPOOKY_NOISES (no target)
[INFO] [TheInventor] Could not find power image path: res://TheInventor\images\powers\exhaustion_power.png
[INFO] Player 1 playing card THEINVENTOR-SHOVEL (targeting Ceremonial Beast (index 1))
[INFO] Player 1 playing card THEINVENTOR-PUPPY_PAWS (no target)
[WARN] Asset not cached: res://images/powers/vulnerable_power.png
[INFO] [TheInventor] Could not find power image path: res://TheInventor\images\powers\exhaustion_power.png
[INFO] Player 1 chose cards [THEINVENTOR-HAMMER]
[INFO] Wrote 83136 bytes to path=user://steam/76561199045178842/modded/profile1\saves\current_run.save save_dir=user://steam/76561199045178842
[INFO] Wrote 83136 bytes to modded/profile1/saves/current_run.save in steam remote store
[INFO] CHARACTER.THEINVENTOR-THE_INVENTOR fought ENCOUNTER.CEREMONIAL_BEAST_BOSS for the first time and WON >:)
[INFO] CHARACTER.THEINVENTOR-THE_INVENTOR fought MONSTER.CEREMONIAL_BEAST for the first time and WON >:(
[INFO] Wrote 114493 bytes to path=user://steam/76561199045178842/modded/profile1\saves\progress.save save_dir=user://steam/76561199045178842
[INFO] Wrote 114493 bytes to modded/profile1/saves/progress.save in steam remote store
[INFO] Card rarity: Rolled 0.9071477, need < 1 for rare (offset = 0)
[INFO] Card rarity: Rolled 0.87994444, need < 1 for rare (offset = 0)
[INFO] Card rarity: Rolled 0.7575568, need < 1 for rare (offset = 0)
[INFO] Player 1 obtained 100 gold from reward
[INFO] Player 1 selected card reward
[WARN] Asset not cached: res://TheInventor\images\charui/text_energy.png
[WARN] Asset not cached: res://scenes/ui/card_hover_tip.tscn
[INFO] [TheInventor] Could not find power image path: res://TheInventor\images\powers\exhaustion_power.png
[INFO] Player 1 obtained CARD.THEINVENTOR-SCREWDRIVER from card reward
[INFO] [ActChangeSynchronizer] Local player ready to move to next act
[INFO] [ActChangeSynchronizer] All players ready to move to next act, beginning transition
[INFO] Preloading 'Act=HIVE' assets... count=8 vfx=0
[INFO] Preloading 'Act=HIVE' Complete: assets=8 time_elapsed=79ms
[INFO] Player vote changed for 1: ->MapVote (gen: 2 coord: (3, 0))
[INFO] Wrote 114630 bytes to path=user://steam/76561199045178842/modded/profile1\saves\progress.save save_dir=user://steam/76561199045178842
[INFO] Wrote 114630 bytes to modded/profile1/saves/progress.save in steam remote store
[INFO] Wrote 84146 bytes to path=user://steam/76561199045178842/modded/profile1\saves\current_run.save save_dir=user://steam/76561199045178842
[INFO] Wrote 84146 bytes to modded/profile1/saves/current_run.save in steam remote store
[INFO] Unloading 10 missed cache assets
[INFO] Preloading 'Event Room' assets... count=2 vfx=0
[INFO] Preloading 'Event Room' Complete: assets=2 time_elapsed=147ms
[INFO] [BaseLib] Checking for additional interactions with OROBAS
[WARN] Asset not cached: res://scenes/events/ancient_dialogue_line.tscn
[INFO] [TheInventor] Could not find power image path: res://TheInventor\images\powers\exhaustion_power.png
[INFO] Wrote 114666 bytes to path=user://steam/76561199045178842/modded/profile1\saves\progress.save save_dir=user://steam/76561199045178842
[INFO] Wrote 114666 bytes to modded/profile1/saves/progress.save in steam remote store
[INFO] Wrote 86667 bytes to path=user://steam/76561199045178842/modded/profile1\saves\current_run.save save_dir=user://steam/76561199045178842
[INFO] Wrote 86667 bytes to modded/profile1/saves/current_run.save in steam remote store
[INFO] [TheInventor] Could not find power image path: res://TheInventor\images\powers\exhaustion_power.png
[INFO] Player vote changed for 1: ->MapVote (gen: 2 coord: (5, 1))
[INFO] Wrote 114666 bytes to path=user://steam/76561199045178842/modded/profile1\saves\progress.save save_dir=user://steam/76561199045178842
[INFO] Wrote 114666 bytes to modded/profile1/saves/progress.save in steam remote store
[INFO] Wrote 86714 bytes to path=user://steam/76561199045178842/modded/profile1\saves\current_run.save save_dir=user://steam/76561199045178842
[INFO] Wrote 86714 bytes to modded/profile1/saves/current_run.save in steam remote store
[INFO] Unloading 1 missed cache assets
[INFO] Preloading 'Combat Room' assets... count=11 vfx=0
[INFO] Preloading 'Combat Room' Complete: assets=11 time_elapsed=180ms
[INFO] Creating NCombatRoom with mode=ActiveCombat encounter=BOWLBUGS_WEAK.
[WARN] Asset not cached: res://images/powers/dexterity_power.png
[WARN] Asset not cached: res://images/powers/imbalanced_power.png
[WARN] Asset not cached: res://images/powers/vulnerable_power.png
[INFO] Player 1 playing card THEINVENTOR-SCREWDRIVER (no target)
[INFO] [TheInventor] Could not find power image path: res://TheInventor\images\powers\screwdriver_power.png
[WARN] Asset not cached: res://TheInventor\images\powers\big\power.png
[INFO] [TheInventor] Could not find power image path: res://TheInventor\images\powers\exhaustion_power.png
[INFO] Player 1 playing card THEINVENTOR-PUPPY_PAWS (no target)
[INFO] [TheInventor] Could not find power image path: res://TheInventor\images\powers\exhaustion_power.png
[INFO] [TheInventor] Could not find power image path: res://TheInventor\images\powers\exhaustion_power.png
[INFO] [TheInventor] Could not find power image path: res://TheInventor\images\powers\exhaustion_power.png
[INFO] [TheInventor] Could not find power image path: res://TheInventor\images\powers\exhaustion_power.png
[INFO] [TheInventor] Could not find power image path: res://TheInventor\images\powers\screwdriver_power.png
[INFO] [TheInventor] Could not find power image path: res://TheInventor\images\powers\exhaustion_power.png
[INFO] Player 1 playing card THEINVENTOR-SPOOKY_NOISES (no target)
[INFO] [TheInventor] Could not find power image path: res://TheInventor\images\powers\exhaustion_power.png
[WARN] Asset not cached: res://images/powers/block_next_turn_power.png
[INFO] Monster BOWLBUG_ROCK performing move HEADBUTT_MOVE
[INFO] Monster BOWLBUG_NECTAR performing move THRASH_MOVE
[INFO] Player 1 playing card THEINVENTOR-SHOVEL (targeting Bowlbug (Rock) (index 1))
[WARN] Asset not cached: res://images/powers/weak_power.png
[INFO] [TheInventor] Could not find power image path: res://TheInventor\images\powers\exhaustion_power.png
[INFO] Player 1 playing card THEINVENTOR-SPOOKY_NOISES (no target)
[INFO] [TheInventor] Could not find power image path: res://TheInventor\images\powers\exhaustion_power.png
[INFO] Player 1 playing card THEINVENTOR-PUPPY_PAWS (no target)
[INFO] Monster BOWLBUG_ROCK performing move HEADBUTT_MOVE
[INFO] Monster BOWLBUG_NECTAR performing move BUFF_MOVE
[WARN] Asset not cached: res://images/powers/strength_power.png
[INFO] [TheInventor] Could not find power image path: res://TheInventor\images\powers\exhaustion_power.png
[INFO] [TheInventor] Could not find power image path: res://TheInventor\images\powers\exhaustion_power.png
[INFO] Player 1 playing card THEINVENTOR-SPOOKY_NOISES (no target)
[INFO] [TheInventor] Could not find power image path: res://TheInventor\images\powers\exhaustion_power.png
[INFO] [TheInventor] Could not find power image path: res://TheInventor\images\powers\screwdriver_power.png
[INFO] [TheInventor] Could not find power image path: res://TheInventor\images\powers\exhaustion_power.png
[INFO] [TheInventor] Could not find power image path: res://TheInventor\images\powers\screwdriver_power.png
[INFO] [TheInventor] Could not find power image path: res://TheInventor\images\powers\exhaustion_power.png
[INFO] [TheInventor] Could not find power image path: res://TheInventor\images\powers\screwdriver_power.png
[INFO] [TheInventor] Could not find power image path: res://TheInventor\images\powers\exhaustion_power.png
[INFO] Player 1 playing card THEINVENTOR-PUPPY_PAWS (no target)
[INFO] [TheInventor] Could not find power image path: res://TheInventor\images\powers\exhaustion_power.png
[INFO] [TheInventor] Could not find power image path: res://TheInventor\images\powers\exhaustion_power.png
[INFO] [TheInventor] Could not find power image path: res://TheInventor\images\powers\exhaustion_power.png
[INFO] [TheInventor] Could not find power image path: res://TheInventor\images\powers\screwdriver_power.png
[INFO] [TheInventor] Could not find power image path: res://TheInventor\images\powers\exhaustion_power.png
[INFO] [TheInventor] Could not find power image path: res://TheInventor\images\powers\exhaustion_power.png
[INFO] Player 1 playing card THEINVENTOR-SPOOKY_NOISES (no target)
[INFO] [TheInventor] Could not find power image path: res://TheInventor\images\powers\screwdriver_power.png
[INFO] [TheInventor] Could not find power image path: res://TheInventor\images\powers\exhaustion_power.png
[INFO] Monster BOWLBUG_NECTAR performing move THRASH2_MOVE
[INFO] Player 1 playing card THEINVENTOR-SCORPION (targeting Bowlbug (Nectar) (index 1))
[WARN] Asset not cached: res://images/powers/poison_power.png
[INFO] [TheInventor] Could not find power image path: res://TheInventor\images\powers\exhaustion_power.png
[INFO] [TheInventor] Could not find power image path: res://TheInventor\images\powers\exhaustion_power.png
[INFO] [TheInventor] Could not find power image path: res://TheInventor\images\powers\exhaustion_power.png
[INFO] Player 1 chose cards [THEINVENTOR-SPOOKY_NOISES]
[INFO] Wrote 87856 bytes to path=user://steam/76561199045178842/modded/profile1\saves\current_run.save save_dir=user://steam/76561199045178842
[INFO] Wrote 87856 bytes to modded/profile1/saves/current_run.save in steam remote store
[INFO] CHARACTER.THEINVENTOR-THE_INVENTOR fought ENCOUNTER.BOWLBUGS_WEAK for the first time and WON >:)
[INFO] CHARACTER.THEINVENTOR-THE_INVENTOR fought MONSTER.BOWLBUG_ROCK for the first time and WON >:(
[INFO] CHARACTER.THEINVENTOR-THE_INVENTOR fought MONSTER.BOWLBUG_NECTAR for the first time and WON >:(
[INFO] Wrote 115056 bytes to path=user://steam/76561199045178842/modded/profile1\saves\progress.save save_dir=user://steam/76561199045178842
[INFO] Wrote 115056 bytes to modded/profile1/saves/progress.save in steam remote store
[INFO] Card rarity: Rolled 0.094221234, need < -0.020000001 for rare (offset = -0.05)
[INFO] Card rarity: Rolled 0.7552254, need < -0.01 for rare (offset = -0.04)
[INFO] Card rarity: Rolled 0.98221207, need < 0 for rare (offset = -0.03)
[INFO] Player 1 obtained 20 gold from reward
[INFO] Player 1 selected card reward
[INFO] Player 1 obtained CARD.THEINVENTOR-LAMENT from card reward
[INFO] Player vote changed for 1: ->MapVote (gen: 2 coord: (6, 2))
[INFO] Wrote 115127 bytes to path=user://steam/76561199045178842/modded/profile1\saves\progress.save save_dir=user://steam/76561199045178842
[INFO] Wrote 115127 bytes to modded/profile1/saves/progress.save in steam remote store
[INFO] Wrote 89339 bytes to path=user://steam/76561199045178842/modded/profile1\saves\current_run.save save_dir=user://steam/76561199045178842
[INFO] Wrote 89339 bytes to modded/profile1/saves/current_run.save in steam remote store
[INFO] Card rarity: Rolled 0.5531357, need < 0.07000001 for rare (offset = -0.02)
[INFO] Card rarity: Rolled 0.8818357, need < 0.07000001 for rare (offset = -0.02)
[INFO] Card rarity: Rolled 0.10108733, need < 0.07000001 for rare (offset = -0.02)
[INFO] Card rarity: Rolled 0.017054077, need < 0.07000001 for rare (offset = -0.02)
[INFO] Card rarity: Rolled 0.23866305, need < 0.07000001 for rare (offset = -0.02)
[INFO] Unloading 8 missed cache assets
[INFO] Preloading 'Merchant Room' assets... count=1 vfx=0
[INFO] Preloading 'Merchant Room' Complete: assets=1 time_elapsed=188ms
[INFO] [DiceTheSpireCore] Could not find power image path: res://DiceTheSpireCore\images\powers\shock_power.png
[INFO] Player vote changed for 1: ->MapVote (gen: 2 coord: (6, 3))
[INFO] Wrote 115198 bytes to path=user://steam/76561199045178842/modded/profile1\saves\progress.save save_dir=user://steam/76561199045178842
[INFO] Wrote 115198 bytes to modded/profile1/saves/progress.save in steam remote store
[INFO] Wrote 93689 bytes to path=user://steam/76561199045178842/modded/profile1\saves\current_run.save save_dir=user://steam/76561199045178842
[INFO] Wrote 93689 bytes to modded/profile1/saves/current_run.save in steam remote store
[INFO] Preloading 'Combat Room' assets... count=10 vfx=0
[INFO] Preloading 'Combat Room' Complete: assets=10 time_elapsed=146ms
[INFO] Creating NCombatRoom with mode=ActiveCombat encounter=THIEVING_HOPPER_WEAK.
[WARN] Asset not cached: res://images/powers/dexterity_power.png
[WARN] Asset not cached: res://images/powers/escape_artist_power.png
[INFO] Player 1 playing card THEINVENTOR-SCREWDRIVER (no target)
[INFO] [TheInventor] Could not find power image path: res://TheInventor\images\powers\screwdriver_power.png
[WARN] Asset not cached: res://TheInventor\images\powers\big\power.png
[INFO] Player 1 playing card THEINVENTOR-SHOVEL (targeting Thieving Hopper (index 1))
[WARN] Asset not cached: res://images/powers/weak_power.png
[INFO] Player 1 playing card THEINVENTOR-EMPTY_SLOT (no target)
[INFO] Player 1 playing card THEINVENTOR-UNCLE (no target)
[WARN] Asset not cached: res://images/powers/pikcube-jinx_power.png
[INFO] [TheInventor] Could not find power image path: res://TheInventor\images\powers\screwdriver_power.png
[INFO] Monster THIEVING_HOPPER performing move THIEVERY_MOVE
[WARN] Asset not cached: res://images/powers/swipe_power.png
[INFO] [TheInventor] Could not find power image path: res://TheInventor\images\powers\screwdriver_power.png
[INFO] [TheInventor] Could not find power image path: res://TheInventor\images\powers\screwdriver_power.png
[INFO] [TheInventor] Could not find power image path: res://TheInventor\images\powers\screwdriver_power.png
[WARN] Asset not cached: res://scenes/ui/card_hover_tip.tscn
[INFO] [DiceTheSpireCore] Could not find power image path: res://DiceTheSpireCore\images\powers\shock_power.png
[INFO] [DiceTheSpireCore] Could not find power image path: res://DiceTheSpireCore\images\powers\shock_power.png
[INFO] [TheInventor] Could not find power image path: res://TheInventor\images\powers\screwdriver_power.png
[INFO] [DiceTheSpireCore] Could not find power image path: res://DiceTheSpireCore\images\powers\shock_power.png
[INFO] Player 1 playing card THEINVENTOR-SNEEZE (no target)
[INFO] [DiceTheSpireCore] Could not find power image path: res://DiceTheSpireCore\images\powers\sneeze_power.png
[WARN] Asset not cached: res://DiceTheSpireCore\images\powers\big\power.png
[INFO] [TheInventor] Could not find power image path: res://TheInventor\images\powers\screwdriver_power.png
[INFO] [DiceTheSpireCore] Could not find power image path: res://DiceTheSpireCore\images\powers\sneeze_power.png
[INFO] [TheInventor] Could not find power image path: res://TheInventor\images\powers\screwdriver_power.png
[INFO] [DiceTheSpireCore] Could not find power image path: res://DiceTheSpireCore\images\powers\sneeze_power.png
[INFO] [DiceTheSpireCore] Could not find power image path: res://DiceTheSpireCore\images\powers\shock_power.png
[INFO] [DiceTheSpireCore] Could not find power image path: res://DiceTheSpireCore\images\powers\sneeze_power.png
[INFO] [DiceTheSpireCore] Could not find power image path: res://DiceTheSpireCore\images\powers\shock_power.png
[INFO] [TheInventor] Could not find power image path: res://TheInventor\images\powers\screwdriver_power.png
[INFO] [DiceTheSpireCore] Could not find power image path: res://DiceTheSpireCore\images\powers\sneeze_power.png
[INFO] [TheInventor] Could not find power image path: res://TheInventor\images\powers\screwdriver_power.png
[INFO] [DiceTheSpireCore] Could not find power image path: res://DiceTheSpireCore\images\powers\sneeze_power.png
[INFO] [DiceTheSpireCore] Could not find power image path: res://DiceTheSpireCore\images\powers\sneeze_power.png
[INFO] Player 1 playing card THEINVENTOR-ELECTRIC_WHIP (no target)
[INFO] [DiceTheSpireCore] Could not find power image path: res://DiceTheSpireCore\images\powers\shock_power.png
[INFO] Player 1 playing card THEINVENTOR-DEFEND_INVENTOR (no target)
[WARN] Asset not cached: res://images/powers/block_next_turn_power.png
[INFO] Monster THIEVING_HOPPER performing move FLUTTER_MOVE
[WARN] Asset not cached: res://images/powers/flutter_power.png
[WARN] Asset not cached: res://images/powers/strength_power.png
[INFO] Player 1 playing card THEINVENTOR-PUPPY_PAWS (no target)
[INFO] [TheInventor] Could not find power image path: res://TheInventor\images\powers\screwdriver_power.png
[INFO] [DiceTheSpireCore] Could not find power image path: res://DiceTheSpireCore\images\powers\sneeze_power.png
[INFO] [TheInventor] Could not find power image path: res://TheInventor\images\powers\screwdriver_power.png
[INFO] [DiceTheSpireCore] Could not find power image path: res://DiceTheSpireCore\images\powers\sneeze_power.png
[INFO] [TheInventor] Could not find power image path: res://TheInventor\images\powers\screwdriver_power.png
[INFO] [DiceTheSpireCore] Could not find power image path: res://DiceTheSpireCore\images\powers\sneeze_power.png
[INFO] Player 1 playing card THEINVENTOR-SHOVEL (targeting Thieving Hopper (index 1))
WARNING: FMOD parameter 'EnemyImpact_Intensity' not found on event 'event:/sfx/enemy/enemy_attacks/thieving_hopper/thieving_hopper_hurt_hover'
WARNING: FMOD parameter 'EnemyImpact_Intensity' not found on event 'event:/sfx/enemy/enemy_attacks/thieving_hopper/thieving_hopper_hurt_hover'
WARNING: FMOD parameter 'EnemyImpact_Intensity' not found on event 'event:/sfx/enemy/enemy_attacks/thieving_hopper/thieving_hopper_hurt_hover'
WARNING: FMOD parameter 'EnemyImpact_Intensity' not found on event 'event:/sfx/enemy/enemy_attacks/thieving_hopper/thieving_hopper_hurt_hover'
[INFO] [TheInventor] Could not find power image path: res://TheInventor\images\powers\screwdriver_power.png
[INFO] [DiceTheSpireCore] Could not find power image path: res://DiceTheSpireCore\images\powers\sneeze_power.png
[INFO] [DiceTheSpireCore] Could not find power image path: res://DiceTheSpireCore\images\powers\sneeze_power.png
[INFO] [TheInventor] Could not find power image path: res://TheInventor\images\powers\screwdriver_power.png
[INFO] [TheInventor] Could not find power image path: res://TheInventor\images\powers\screwdriver_power.png
[INFO] [DiceTheSpireCore] Could not find power image path: res://DiceTheSpireCore\images\powers\sneeze_power.png
[INFO] [TheInventor] Could not find power image path: res://TheInventor\images\powers\screwdriver_power.png
[INFO] [DiceTheSpireCore] Could not find power image path: res://DiceTheSpireCore\images\powers\sneeze_power.png
[INFO] [TheInventor] Could not find power image path: res://TheInventor\images\powers\screwdriver_power.png
[INFO] [DiceTheSpireCore] Could not find power image path: res://DiceTheSpireCore\images\powers\sneeze_power.png
[INFO] [TheInventor] Could not find power image path: res://TheInventor\images\powers\screwdriver_power.png
[INFO] [DiceTheSpireCore] Could not find power image path: res://DiceTheSpireCore\images\powers\sneeze_power.png
WARNING: FMOD parameter 'EnemyImpact_Intensity' not found on event 'event:/sfx/enemy/enemy_attacks/thieving_hopper/thieving_hopper_hurt_hover'
[WARN] Asset not cached: res://images/atlases/intent_atlas.sprites/intent_stun.tres
[INFO] [DiceTheSpireCore] Could not find power image path: res://DiceTheSpireCore\images\powers\shock_power.png
[INFO] Player 1 chose cards [THEINVENTOR-SCORPION,THEINVENTOR-CAPACITOR]
[WARN] Asset not cached: res://DiceTheSpireCore\images\powers\big\freeze_power.png
[INFO] Monster THIEVING_HOPPER performing move STUNNED
[INFO] Player 1 playing card THEINVENTOR-SCORPION (targeting Thieving Hopper (index 1))
[WARN] Asset not cached: res://images/powers/poison_power.png
[INFO] Player 1 chose cards [THEINVENTOR-DEFEND_INVENTOR]
[INFO] Wrote 95595 bytes to path=user://steam/76561199045178842/modded/profile1\saves\current_run.save save_dir=user://steam/76561199045178842
[INFO] Wrote 95595 bytes to modded/profile1/saves/current_run.save in steam remote store
[INFO] CHARACTER.THEINVENTOR-THE_INVENTOR fought ENCOUNTER.THIEVING_HOPPER_WEAK for the first time and WON >:)
[INFO] CHARACTER.THEINVENTOR-THE_INVENTOR fought MONSTER.THIEVING_HOPPER for the first time and WON >:(
[INFO] Wrote 115489 bytes to path=user://steam/76561199045178842/modded/profile1\saves\progress.save save_dir=user://steam/76561199045178842
[INFO] Wrote 115489 bytes to modded/profile1/saves/progress.save in steam remote store
[INFO] Card rarity: Rolled 0.5423066, need < 0.01 for rare (offset = -0.02)
[INFO] Card rarity: Rolled 0.58625585, need < 0.02 for rare (offset = -0.01)
[INFO] Card rarity: Rolled 0.12808882, need < 0.03 for rare (offset = 0)
[INFO] Player 1 obtained 11 gold from reward
[INFO] Player 1 obtained CARD.THEINVENTOR-EMPTY_SLOT from special card reward
[INFO] Player 1 selected card reward
[INFO] [TheInventor] Could not find power image path: res://TheInventor\images\powers\exhaustion_power.png
[INFO] Player 1 obtained CARD.THEINVENTOR-KEYBLADE from card reward
[WARN] Asset not cached: res://scenes/ui/map_point_history_hover_tip.tscn
[INFO] Player vote changed for 1: ->MapVote (gen: 2 coord: (6, 4))
[INFO] Wrote 115523 bytes to path=user://steam/76561199045178842/modded/profile1\saves\progress.save save_dir=user://steam/76561199045178842
[INFO] Wrote 115523 bytes to modded/profile1/saves/progress.save in steam remote store
[INFO] Wrote 96927 bytes to path=user://steam/76561199045178842/modded/profile1\saves\current_run.save save_dir=user://steam/76561199045178842
[INFO] Wrote 96927 bytes to modded/profile1/saves/current_run.save in steam remote store
[INFO] Unloading 15 missed cache assets
[INFO] Preloading 'Combat Room' assets... count=2 vfx=0
[INFO] Preloading 'Combat Room' Complete: assets=2 time_elapsed=79ms
[INFO] Creating NCombatRoom with mode=ActiveCombat encounter=SPINY_TOAD_NORMAL.
[WARN] Asset not cached: res://images/powers/dexterity_power.png
[INFO] Player 1 playing card THEINVENTOR-SCREWDRIVER (no target)
[INFO] [TheInventor] Could not find power image path: res://TheInventor\images\powers\screwdriver_power.png
[WARN] Asset not cached: res://TheInventor\images\powers\big\power.png
[INFO] Player 1 playing card THEINVENTOR-EMPTY_SLOT (no target)
[INFO] Player 1 playing card THEINVENTOR-CHAINSAW (no target)
[INFO] Player 1 playing card THEINVENTOR-SPANNER (no target)
[INFO] Player 1 chose cards [THEINVENTOR-SNOWFLAKE]
[WARN] Asset not cached: res://images/powers/block_next_turn_power.png
[INFO] Monster SPINY_TOAD performing move PROTRUDING_SPIKES_MOVE
[WARN] Asset not cached: res://images/powers/thorns_power.png
[INFO] Player 1 playing card THEINVENTOR-SNEEZE (no target)
[INFO] [DiceTheSpireCore] Could not find power image path: res://DiceTheSpireCore\images\powers\shock_power.png
[INFO] [DiceTheSpireCore] Could not find power image path: res://DiceTheSpireCore\images\powers\sneeze_power.png
[WARN] Asset not cached: res://DiceTheSpireCore\images\powers\big\power.png
[INFO] [DiceTheSpireCore] Could not find power image path: res://DiceTheSpireCore\images\powers\shock_power.png
[INFO] [DiceTheSpireCore] Could not find power image path: res://DiceTheSpireCore\images\powers\shock_power.png
[INFO] [DiceTheSpireCore] Could not find power image path: res://DiceTheSpireCore\images\powers\shock_power.png
[INFO] Player 1 chose cards [THEINVENTOR-CAPACITOR]
[WARN] Asset not cached: res://images/powers/poison_power.png
[INFO] [DiceTheSpireCore] Could not find power image path: res://DiceTheSpireCore\images\powers\shock_power.png
[INFO] [DiceTheSpireCore] Could not find power image path: res://DiceTheSpireCore\images\powers\shock_power.png
[INFO] [DiceTheSpireCore] Could not find power image path: res://DiceTheSpireCore\images\powers\shock_power.png
[INFO] Player 1 chose cards [THEINVENTOR-EMPTY_SLOT]
[INFO] Wrote 98067 bytes to path=user://steam/76561199045178842/modded/profile1\saves\current_run.save save_dir=user://steam/76561199045178842
[INFO] Wrote 98067 bytes to modded/profile1/saves/current_run.save in steam remote store
[INFO] CHARACTER.THEINVENTOR-THE_INVENTOR fought ENCOUNTER.SPINY_TOAD_NORMAL for the first time and WON >:)
[INFO] CHARACTER.THEINVENTOR-THE_INVENTOR fought MONSTER.SPINY_TOAD for the first time and WON >:(
[INFO] Wrote 115918 bytes to path=user://steam/76561199045178842/modded/profile1\saves\progress.save save_dir=user://steam/76561199045178842
[INFO] Wrote 115918 bytes to modded/profile1/saves/progress.save in steam remote store
[INFO] Card rarity: Rolled 0.21809943, need < 0.04 for rare (offset = 0.01)
[INFO] Card rarity: Rolled 0.28816086, need < 0.049999997 for rare (offset = 0.02)
[INFO] Card rarity: Rolled 0.8632014, need < 0.06 for rare (offset = 0.03)
[INFO] Player 1 obtained 17 gold from reward
[INFO] Player 1 selected card reward
[INFO] Player 1 obtained CARD.THEINVENTOR-SCRAP_STRIKE from card reward
[INFO] Player vote changed for 1: ->MapVote (gen: 2 coord: (6, 5))
[INFO] Wrote 115918 bytes to path=user://steam/76561199045178842/modded/profile1\saves\progress.save save_dir=user://steam/76561199045178842
[INFO] Wrote 115918 bytes to modded/profile1/saves/progress.save in steam remote store
[INFO] Wrote 99802 bytes to path=user://steam/76561199045178842/modded/profile1\saves\current_run.save save_dir=user://steam/76561199045178842
[INFO] Wrote 99802 bytes to modded/profile1/saves/current_run.save in steam remote store
[INFO] Unloading 6 missed cache assets
[INFO] Preloading 'Combat Room' assets... count=11 vfx=0
[INFO] Preloading 'Combat Room' Complete: assets=11 time_elapsed=145ms
[INFO] Creating NCombatRoom with mode=ActiveCombat encounter=SLUMBERING_BEETLE_NORMAL.
[WARN] Asset not cached: res://images/powers/dexterity_power.png
[WARN] Asset not cached: res://images/powers/imbalanced_power.png
[WARN] Asset not cached: res://images/powers/plating_power.png
[WARN] Asset not cached: res://images/powers/slumber_power.png
[WARN] Asset not cached: res://scenes/vfx/vfx_sleeping.tscn
[INFO] Player 1 playing card THEINVENTOR-SNEEZE (no target)
[INFO] [DiceTheSpireCore] Could not find power image path: res://DiceTheSpireCore\images\powers\sneeze_power.png
[WARN] Asset not cached: res://DiceTheSpireCore\images\powers\big\power.png
[INFO] Player 1 playing card THEINVENTOR-KEYBLADE (targeting Bowlbug (Rock) (index 1))
[INFO] [DiceTheSpireCore] Could not find power image path: res://DiceTheSpireCore\images\powers\shock_power.png
[INFO] [DiceTheSpireCore] Could not find power image path: res://DiceTheSpireCore\images\powers\shock_power.png
[INFO] [DiceTheSpireCore] Could not find power image path: res://DiceTheSpireCore\images\powers\shock_power.png
[INFO] [DiceTheSpireCore] Could not find power image path: res://DiceTheSpireCore\images\powers\shock_power.png
[INFO] Player 1 chose cards [THEINVENTOR-ELECTRIC_WHIP]
[INFO] [DiceTheSpireCore] Could not find power image path: res://DiceTheSpireCore\images\powers\shock_power.png
[INFO] [DiceTheSpireCore] Could not find power image path: res://DiceTheSpireCore\images\powers\shock_power.png
[WARN] Asset not cached: res://images/powers/weak_power.png
[INFO] Player 1 chose cards [THEINVENTOR-LAMENT,THEINVENTOR-ELECTRIC_WHIP]
[INFO] Monster BOWLBUG_ROCK performing move HEADBUTT_MOVE
[INFO] Monster BOWLBUG_SILK performing move TOXIC_SPIT_MOVE
[INFO] Monster SLUMBERING_BEETLE performing move SNORE_MOVE
[INFO] Player 1 playing card THEINVENTOR-SCREWDRIVER (no target)
[INFO] [TheInventor] Could not find power image path: res://TheInventor\images\powers\screwdriver_power.png
[WARN] Asset not cached: res://TheInventor\images\powers\big\power.png
[INFO] Player 1 playing card THEINVENTOR-PUPPY_PAWS (no target)
[INFO] [DiceTheSpireCore] Could not find power image path: res://DiceTheSpireCore\images\powers\sneeze_power.png
[INFO] [TheInventor] Could not find power image path: res://TheInventor\images\powers\screwdriver_power.png
[INFO] [DiceTheSpireCore] Could not find power image path: res://DiceTheSpireCore\images\powers\shock_power.png
[WARN] Asset not cached: res://images/powers/block_next_turn_power.png
[INFO] Monster BOWLBUG_ROCK performing move STUNNED
[INFO] Monster BOWLBUG_SILK performing move THRASH_MOVE
cannot find sfx path: event:/sfx/enemy/enemy_attacks/bowlbug_silk/bowlbug_silk_attack
[INFO] Monster SLUMBERING_BEETLE performing move SNORE_MOVE
[WARN] Asset not cached: res://images/powers/strength_power.png
[INFO] Player 1 playing card THEINVENTOR-SCRAP_STRIKE (targeting Bowlbug (Rock) (index 1))
[INFO] Player 1 playing card THEINVENTOR-LAMENT (targeting Bowlbug (Rock) (index 1))
[WARN] Asset not cached: res://DiceTheSpireCore\images\powers\big\freeze_power.png
[INFO] Monster BOWLBUG_SILK performing move TOXIC_SPIT_MOVE
[INFO] Monster SLUMBERING_BEETLE performing move SNORE_MOVE
[INFO] Player 1 playing card THEINVENTOR-PUPPY_PAWS (no target)
[INFO] Player 1 playing card THEINVENTOR-SPANNER (no target)
[INFO] Player 1 chose cards [THEINVENTOR-CAPACITOR,THEINVENTOR-SNOWFLAKE]
[INFO] Player 1 playing card THEINVENTOR-SPANNER (no target)
[INFO] Player 1 chose cards [THEINVENTOR-SNOWFLAKE,THEINVENTOR-PUPPY_PAWS]
[INFO] Monster BOWLBUG_SILK performing move THRASH_MOVE
cannot find sfx path: event:/sfx/enemy/enemy_attacks/bowlbug_silk/bowlbug_silk_attack
[INFO] Monster SLUMBERING_BEETLE performing move ROLL_OUT_MOVE
[INFO] Player 1 playing card THEINVENTOR-SCRAP_STRIKE (targeting Bowlbug (Silk) (index 1))
[INFO] Player 1 playing card THEINVENTOR-LAMENT (targeting Bowlbug (Silk) (index 1))
[INFO] Player 1 chose cards [THEINVENTOR-CAPACITOR,THEINVENTOR-SNOWFLAKE]
[INFO] Monster BOWLBUG_SILK performing move TOXIC_SPIT_MOVE
[INFO] Monster SLUMBERING_BEETLE performing move ROLL_OUT_MOVE
[INFO] Player 1 playing card THEINVENTOR-LAMENT (targeting Bowlbug (Silk) (index 1))
[INFO] [DiceTheSpireCore] Could not find power image path: res://DiceTheSpireCore\images\powers\shock_power.png
[INFO] Player 1 playing card THEINVENTOR-ELECTRIC_WHIP (no target)
[INFO] [DiceTheSpireCore] Could not find power image path: res://DiceTheSpireCore\images\powers\shock_power.png
[WARN] Asset not cached: res://images/powers/poison_power.png
[INFO] Player 1 chose cards [THEINVENTOR-SCRAP_STRIKE]
[INFO] Wrote 101006 bytes to path=user://steam/76561199045178842/modded/profile1\saves\current_run.save save_dir=user://steam/76561199045178842
[INFO] Wrote 101006 bytes to modded/profile1/saves/current_run.save in steam remote store
[INFO] CHARACTER.THEINVENTOR-THE_INVENTOR fought ENCOUNTER.SLUMBERING_BEETLE_NORMAL for the first time and WON >:)
[INFO] CHARACTER.THEINVENTOR-THE_INVENTOR has killed a MONSTER.BOWLBUG_ROCK. That's 2 kills
[INFO] CHARACTER.THEINVENTOR-THE_INVENTOR fought MONSTER.BOWLBUG_SILK for the first time and WON >:(
[INFO] CHARACTER.THEINVENTOR-THE_INVENTOR fought MONSTER.SLUMBERING_BEETLE for the first time and WON >:(
[INFO] Wrote 116416 bytes to path=user://steam/76561199045178842/modded/profile1\saves\progress.save save_dir=user://steam/76561199045178842
[INFO] Wrote 116416 bytes to modded/profile1/saves/progress.save in steam remote store
[INFO] Card rarity: Rolled 0.079001814, need < 0.07 for rare (offset = 0.04)
[INFO] Card rarity: Rolled 0.51745963, need < 0.08 for rare (offset = 0.049999997)
[INFO] Card rarity: Rolled 0.25759655, need < 0.089999996 for rare (offset = 0.059999995)
[INFO] Player 1 obtained 10 gold from reward
[INFO] Player 1 discarding potion HEART_OF_IRON
[INFO] Player 1 obtained POTION.POWDERED_DEMISE from potion reward
[INFO] Player 1 selected card reward
[INFO] Player 1 obtained CARD.THEINVENTOR-SNOWFLAKE from card reward
[INFO] Player vote changed for 1: ->MapVote (gen: 2 coord: (6, 6))
[INFO] Wrote 116450 bytes to path=user://steam/76561199045178842/modded/profile1\saves\progress.save save_dir=user://steam/76561199045178842
[INFO] Wrote 116450 bytes to modded/profile1/saves/progress.save in steam remote store
[INFO] Wrote 102717 bytes to path=user://steam/76561199045178842/modded/profile1\saves\current_run.save save_dir=user://steam/76561199045178842
[INFO] Wrote 102717 bytes to modded/profile1/saves/current_run.save in steam remote store
[INFO] Unloading 12 missed cache assets
[INFO] Preloading 'Combat Room' assets... count=8 vfx=0
[INFO] Preloading 'Combat Room' Complete: assets=8 time_elapsed=163ms
[INFO] Creating NCombatRoom with mode=ActiveCombat encounter=THE_OBSCURA_NORMAL.
[WARN] Asset not cached: res://images/powers/dexterity_power.png
[INFO] Player 1 playing card THEINVENTOR-SNEEZE (no target)
[INFO] [DiceTheSpireCore] Could not find power image path: res://DiceTheSpireCore\images\powers\sneeze_power.png
[WARN] Asset not cached: res://DiceTheSpireCore\images\powers\big\power.png
[INFO] Player 1 playing card THEINVENTOR-PUPPY_PAWS (no target)
[WARN] Asset not cached: res://images/powers/block_next_turn_power.png
[INFO] Monster THE_OBSCURA performing move ILLUSION_MOVE
[WARN] Asset not cached: res://scenes/creature_visuals/parafright.tscn
[WARN] Asset not cached: res://images/powers/illusion_power.png
[WARN] Asset not cached: res://images/powers/minion_power.png
[INFO] Player 1 playing card THEINVENTOR-KEYBLADE (targeting The Obscura (index 2))
[INFO] [DiceTheSpireCore] Could not find power image path: res://DiceTheSpireCore\images\powers\shock_power.png
[INFO] Player 1 chose cards [THEINVENTOR-THIS_IS_FINE]
[INFO] [DiceTheSpireCore] Could not find power image path: res://DiceTheSpireCore\images\powers\sneeze_power.png
[INFO] [DiceTheSpireCore] Could not find power image path: res://DiceTheSpireCore\images\powers\sneeze_power.png
[INFO] [DiceTheSpireCore] Could not find power image path: res://DiceTheSpireCore\images\powers\shock_power.png
[WARN] Asset not cached: res://images/powers/weak_power.png
[INFO] Monster PARAFRIGHT performing move SLAM_MOVE
[INFO] Monster THE_OBSCURA performing move HARDENING_STRIKE_MOVE
[INFO] [DiceTheSpireCore] Could not find power image path: res://DiceTheSpireCore\images\powers\sneeze_power.png
[INFO] [DiceTheSpireCore] Could not find power image path: res://DiceTheSpireCore\images\powers\sneeze_power.png
[WARN] Asset not cached: res://images/powers/strength_power.png
[INFO] Player 1 playing card THEINVENTOR-SCREWDRIVER (no target)
[INFO] [TheInventor] Could not find power image path: res://TheInventor\images\powers\screwdriver_power.png
[WARN] Asset not cached: res://TheInventor\images\powers\big\power.png
[INFO] Player 1 playing card THEINVENTOR-LAMENT (targeting Parafright (index 1))
[WARN] Asset not cached: res://DiceTheSpireCore\images\powers\big\freeze_power.png
[WARN] Asset not cached: res://images/atlases/intent_atlas.sprites/intent_heal.tres
[INFO] Player 1 playing card THEINVENTOR-SPANNER (no target)
[INFO] Player 1 chose cards [THEINVENTOR-SNOWFLAKE]
[INFO] [DiceTheSpireCore] Could not find power image path: res://DiceTheSpireCore\images\powers\shock_power.png
[INFO] [DiceTheSpireCore] Could not find power image path: res://DiceTheSpireCore\images\powers\shock_power.png
[INFO] Monster PARAFRIGHT performing move REVIVE_MOVE
[INFO] Monster THE_OBSCURA performing move PIERCING_GAZE_MOVE
[INFO] Player 1 playing card THEINVENTOR-LAMENT (targeting The Obscura (index 2))
[INFO] Player 1 playing card THEINVENTOR-LAMENT (targeting Parafright (index 1))
[INFO] Monster PARAFRIGHT performing move REVIVE_MOVE
[INFO] Monster THE_OBSCURA performing move SAIL_MOVE
[INFO] Player 1 playing card THEINVENTOR-SHOVEL (targeting Parafright (index 1))
[INFO] [DiceTheSpireCore] Could not find power image path: res://DiceTheSpireCore\images\powers\shock_power.png
[INFO] [DiceTheSpireCore] Could not find power image path: res://DiceTheSpireCore\images\powers\shock_power.png
[INFO] [DiceTheSpireCore] Could not find power image path: res://DiceTheSpireCore\images\powers\shock_power.png
[INFO] Player 1 chose cards [THEINVENTOR-SNOWFLAKE]
[INFO] Player 1 chose cards []
[INFO] Monster PARAFRIGHT performing move REVIVE_MOVE
[INFO] Monster THE_OBSCURA performing move HARDENING_STRIKE_MOVE
[INFO] [DiceTheSpireCore] Could not find power image path: res://DiceTheSpireCore\images\powers\shock_power.png
[INFO] Player 1 playing card THEINVENTOR-ELECTRIC_WHIP (no target)
[INFO] [DiceTheSpireCore] Could not find power image path: res://DiceTheSpireCore\images\powers\shock_power.png
[INFO] Player 1 playing card THEINVENTOR-SHOVEL (targeting Parafright (index 1))
[INFO] Player 1 using potion POWDERED_DEMISE (targeting Parafright (index 1))
[WARN] Asset not cached: res://images/powers/demise_power.png
[INFO] Monster PARAFRIGHT performing move SLAM_MOVE
[INFO] Monster THE_OBSCURA performing move PIERCING_GAZE_MOVE
[INFO] Player 1 playing card THEINVENTOR-SPANNER (no target)
[INFO] Player 1 chose cards [THEINVENTOR-CAPACITOR,THEINVENTOR-THIS_IS_FINE]
[INFO] [DiceTheSpireCore] Could not find power image path: res://DiceTheSpireCore\images\powers\shock_power.png
[INFO] [DiceTheSpireCore] Could not find power image path: res://DiceTheSpireCore\images\powers\shock_power.png
[INFO] Player 1 playing card THEINVENTOR-ELECTRIC_WHIP (no target)
[INFO] [DiceTheSpireCore] Could not find power image path: res://DiceTheSpireCore\images\powers\shock_power.png
[INFO] Player 1 chose cards [THEINVENTOR-SHOVEL]
[INFO] Wrote 103859 bytes to path=user://steam/76561199045178842/modded/profile1\saves\current_run.save save_dir=user://steam/76561199045178842
[INFO] Wrote 103859 bytes to modded/profile1/saves/current_run.save in steam remote store
[INFO] CHARACTER.THEINVENTOR-THE_INVENTOR fought ENCOUNTER.THE_OBSCURA_NORMAL for the first time and WON >:)
[INFO] CHARACTER.THEINVENTOR-THE_INVENTOR fought MONSTER.THE_OBSCURA for the first time and WON >:(
[INFO] CHARACTER.THEINVENTOR-THE_INVENTOR fought MONSTER.PARAFRIGHT for the first time and WON >:(
[INFO] Wrote 117030 bytes to path=user://steam/76561199045178842/modded/profile1\saves\progress.save save_dir=user://steam/76561199045178842
[INFO] Wrote 117030 bytes to modded/profile1/saves/progress.save in steam remote store
[INFO] Card rarity: Rolled 0.4036025, need < 0.099999994 for rare (offset = 0.06999999)
[INFO] Card rarity: Rolled 0.82150114, need < 0.10999999 for rare (offset = 0.07999999)
[INFO] Card rarity: Rolled 0.47577977, need < 0.11999999 for rare (offset = 0.08999999)
[INFO] Player 1 obtained 13 gold from reward
[INFO] Player 1 selected card reward
[WARN] Asset not cached: res://TheInventor\images\charui/text_energy.png
[INFO] Player 1 obtained CARD.THEINVENTOR-CHANGE_MACHINE from card reward
[INFO] Player vote changed for 1: ->MapVote (gen: 2 coord: (6, 7))
[INFO] Wrote 117067 bytes to path=user://steam/76561199045178842/modded/profile1\saves\progress.save save_dir=user://steam/76561199045178842
[INFO] Wrote 117067 bytes to modded/profile1/saves/progress.save in steam remote store
[INFO] Wrote 105396 bytes to path=user://steam/76561199045178842/modded/profile1\saves\current_run.save save_dir=user://steam/76561199045178842
[INFO] Wrote 105396 bytes to modded/profile1/saves/current_run.save in steam remote store
[INFO] Unloading 13 missed cache assets
[INFO] Preloading 'Event Room' assets... count=2 vfx=1
[INFO] Preloading 'Event Room' Complete: assets=3 time_elapsed=96ms
[WARN] Asset not cached: res://scenes/ui/card_hover_tip.tscn
[INFO] [DiceTheSpireCore] Could not find power image path: res://DiceTheSpireCore\images\powers\shock_power.png
[INFO] Player vote changed for 1: ->MapVote (gen: 2 coord: (6, 8))
[INFO] Wrote 117067 bytes to path=user://steam/76561199045178842/modded/profile1\saves\progress.save save_dir=user://steam/76561199045178842
[INFO] Wrote 117067 bytes to modded/profile1/saves/progress.save in steam remote store
[INFO] Wrote 108326 bytes to path=user://steam/76561199045178842/modded/profile1\saves\current_run.save save_dir=user://steam/76561199045178842
[INFO] Wrote 108326 bytes to modded/profile1/saves/current_run.save in steam remote store
[INFO] Unloading 1 missed cache assets
[INFO] Preloading 'Treasure Room' assets... count=2 vfx=0
[INFO] Preloading 'Treasure Room' Complete: assets=2 time_elapsed=96ms
[INFO] Player vote changed for 1: ->MapVote (gen: 2 coord: (6, 9))
[INFO] Wrote 117067 bytes to path=user://steam/76561199045178842/modded/profile1\saves\progress.save save_dir=user://steam/76561199045178842
[INFO] Wrote 117067 bytes to modded/profile1/saves/progress.save in steam remote store
[INFO] Wrote 109394 bytes to path=user://steam/76561199045178842/modded/profile1\saves\current_run.save save_dir=user://steam/76561199045178842
[INFO] Wrote 109394 bytes to modded/profile1/saves/current_run.save in steam remote store
[INFO] Preloading 'Combat Room' assets... count=10 vfx=0
[INFO] Preloading 'Combat Room' Complete: assets=10 time_elapsed=147ms
[INFO] Creating NCombatRoom with mode=ActiveCombat encounter=MYTES_NORMAL.
[WARN] Asset not cached: res://images/powers/dexterity_power.png
[INFO] Player 1 playing card THEINVENTOR-PUPPY_PAWS (no target)
[INFO] Player 1 playing card THEINVENTOR-CHANGE_MACHINE (no target)
[INFO] Player 1 chose cards [THEINVENTOR-SNOWFLAKE]
[INFO] Player 1 chose cards [THEINVENTOR-PUPPY_PAWS]
[WARN] Asset not cached: res://images/powers/block_next_turn_power.png
[INFO] Monster MYTE performing move TOXIC_MOVE
[INFO] Monster MYTE performing move SUCK_MOVE
[WARN] Asset not cached: res://images/powers/strength_power.png
[INFO] Player 1 playing card THEINVENTOR-SCREWDRIVER (no target)
[INFO] [TheInventor] Could not find power image path: res://TheInventor\images\powers\screwdriver_power.png
[WARN] Asset not cached: res://TheInventor\images\powers\big\power.png
[INFO] Player 1 playing card TOXIC (no target)
[INFO] Player 1 playing card TOXIC (no target)
[INFO] Player 1 playing card THEINVENTOR-SPANNER (no target)
[INFO] Player 1 chose cards [THEINVENTOR-THIS_IS_FINE,THEINVENTOR-CAPACITOR]
[INFO] [DiceTheSpireCore] Could not find power image path: res://DiceTheSpireCore\images\powers\shock_power.png
[WARN] Asset not cached: res://DiceTheSpireCore\images\powers\big\power.png
[INFO] Player 1 chose cards [THEINVENTOR-SNOWFLAKE]
[INFO] Monster MYTE performing move BITE_MOVE
[INFO] Monster MYTE performing move TOXIC_MOVE
[INFO] [TheInventor] Could not find power image path: res://TheInventor\images\powers\screwdriver_power.png
[INFO] Player 1 playing card THEINVENTOR-SNEEZE (no target)
[INFO] [DiceTheSpireCore] Could not find power image path: res://DiceTheSpireCore\images\powers\sneeze_power.png
[INFO] Player 1 playing card THEINVENTOR-SPANNER (no target)
[INFO] Player 1 chose cards [THEINVENTOR-SNOWFLAKE,THEINVENTOR-SCORPION]
[INFO] Player 1 playing card TOXIC (no target)
[INFO] Monster MYTE performing move SUCK_MOVE
[INFO] Monster MYTE performing move BITE_MOVE
[INFO] [DiceTheSpireCore] Could not find power image path: res://DiceTheSpireCore\images\powers\shock_power.png
[INFO] Player 1 playing card THEINVENTOR-LAMENT (targeting Myte (index 1))
[WARN] Asset not cached: res://DiceTheSpireCore\images\powers\big\freeze_power.png
[INFO] [DiceTheSpireCore] Could not find power image path: res://DiceTheSpireCore\images\powers\shock_power.png
[INFO] Player 1 playing card THEINVENTOR-ELECTRIC_WHIP (no target)
[INFO] [DiceTheSpireCore] Could not find power image path: res://DiceTheSpireCore\images\powers\shock_power.png
[INFO] Monster MYTE performing move TOXIC_MOVE
[INFO] Monster MYTE performing move SUCK_MOVE
[INFO] Player 1 playing card THEINVENTOR-KEYBLADE (targeting Myte (index 1))
[INFO] Player 1 chose cards [THEINVENTOR-SNOWFLAKE]
[INFO] [DiceTheSpireCore] Could not find power image path: res://DiceTheSpireCore\images\powers\shock_power.png
[INFO] [DiceTheSpireCore] Could not find power image path: res://DiceTheSpireCore\images\powers\shock_power.png
[INFO] [DiceTheSpireCore] Could not find power image path: res://DiceTheSpireCore\images\powers\shock_power.png
[INFO] [TheInventor] Could not find power image path: res://TheInventor\images\powers\screwdriver_power.png
[INFO] [DiceTheSpireCore] Could not find power image path: res://DiceTheSpireCore\images\powers\sneeze_power.png
[INFO] Player 1 playing card TOXIC (no target)
[INFO] Player 1 playing card TOXIC (no target)
[INFO] Player 1 playing card THEINVENTOR-CHANGE_MACHINE (no target)
[INFO] Player 1 chose cards [THEINVENTOR-CAPACITOR]
[INFO] [DiceTheSpireCore] Could not find power image path: res://DiceTheSpireCore\images\powers\shock_power.png
[INFO] [DiceTheSpireCore] Could not find power image path: res://DiceTheSpireCore\images\powers\shock_power.png
[INFO] [DiceTheSpireCore] Could not find power image path: res://DiceTheSpireCore\images\powers\shock_power.png
[INFO] [DiceTheSpireCore] Could not find power image path: res://DiceTheSpireCore\images\powers\shock_power.png
[INFO] Player 1 chose cards [THEINVENTOR-ELECTRIC_WHIP]
[INFO] [DiceTheSpireCore] Could not find power image path: res://DiceTheSpireCore\images\powers\shock_power.png
[INFO] [DiceTheSpireCore] Could not find power image path: res://DiceTheSpireCore\images\powers\shock_power.png
[INFO] [DiceTheSpireCore] Could not find power image path: res://DiceTheSpireCore\images\powers\shock_power.png
[INFO] Monster MYTE performing move TOXIC_MOVE
[INFO] [TheInventor] Could not find power image path: res://TheInventor\images\powers\screwdriver_power.png
[INFO] [DiceTheSpireCore] Could not find power image path: res://DiceTheSpireCore\images\powers\sneeze_power.png
[INFO] Player 1 playing card TOXIC (no target)
[INFO] [TheInventor] Could not find power image path: res://TheInventor\images\powers\screwdriver_power.png
[INFO] [DiceTheSpireCore] Could not find power image path: res://DiceTheSpireCore\images\powers\sneeze_power.png
[INFO] [TheInventor] Could not find power image path: res://TheInventor\images\powers\screwdriver_power.png
[INFO] [DiceTheSpireCore] Could not find power image path: res://DiceTheSpireCore\images\powers\sneeze_power.png
[INFO] [DiceTheSpireCore] Could not find power image path: res://DiceTheSpireCore\images\powers\sneeze_power.png
[INFO] [TheInventor] Could not find power image path: res://TheInventor\images\powers\screwdriver_power.png
[INFO] [DiceTheSpireCore] Could not find power image path: res://DiceTheSpireCore\images\powers\sneeze_power.png
[INFO] [TheInventor] Could not find power image path: res://TheInventor\images\powers\screwdriver_power.png
[INFO] [DiceTheSpireCore] Could not find power image path: res://DiceTheSpireCore\images\powers\sneeze_power.png
[INFO] Player 1 playing card TOXIC (no target)
[INFO] Player 1 playing card THEINVENTOR-KEYBLADE (targeting Myte (index 1))
[INFO] Player 1 chose cards [THEINVENTOR-CAPACITOR,THEINVENTOR-SNOWFLAKE]
[WARN] Warning: Packet writer is growing from 8192 bytes to 16384 bytes!
[INFO] Player 1 chose cards [THEINVENTOR-SNOWFLAKE]
[INFO] Wrote 110514 bytes to path=user://steam/76561199045178842/modded/profile1\saves\current_run.save save_dir=user://steam/76561199045178842
[INFO] Wrote 110514 bytes to modded/profile1/saves/current_run.save in steam remote store
[INFO] CHARACTER.THEINVENTOR-THE_INVENTOR fought ENCOUNTER.MYTES_NORMAL for the first time and WON >:)
[INFO] CHARACTER.THEINVENTOR-THE_INVENTOR fought MONSTER.MYTE for the first time and WON >:(
[INFO] Wrote 117423 bytes to path=user://steam/76561199045178842/modded/profile1\saves\progress.save save_dir=user://steam/76561199045178842
[INFO] Wrote 117423 bytes to modded/profile1/saves/progress.save in steam remote store
[INFO] Card rarity: Rolled 0.68926907, need < 0.12999998 for rare (offset = 0.09999999)
[INFO] Card rarity: Rolled 0.9335125, need < 0.13999999 for rare (offset = 0.109999985)
[INFO] Card rarity: Rolled 0.065911695, need < 0.14999998 for rare (offset = 0.11999998)
[INFO] Player 1 obtained 19 gold from reward
[INFO] Player 1 selected card reward
[WARN] Asset not cached: res://TheInventor\images\charui/text_energy.png
[INFO] Player 1 obtained CARD.THEINVENTOR-SCRAP_STRIKE from card reward
[INFO] Player vote changed for 1: ->MapVote (gen: 2 coord: (6, 10))
[INFO] Wrote 117454 bytes to path=user://steam/76561199045178842/modded/profile1\saves\progress.save save_dir=user://steam/76561199045178842
[INFO] Wrote 117454 bytes to modded/profile1/saves/progress.save in steam remote store
[INFO] Wrote 111956 bytes to path=user://steam/76561199045178842/modded/profile1\saves\current_run.save save_dir=user://steam/76561199045178842
[INFO] Wrote 111956 bytes to modded/profile1/saves/current_run.save in steam remote store
[INFO] Card rarity: Rolled 0.21841274, need < 0.040000003 for rare (offset = -0.05)
[INFO] Card rarity: Rolled 0.29254925, need < 0.040000003 for rare (offset = -0.05)
[INFO] Card rarity: Rolled 0.85140437, need < 0.040000003 for rare (offset = -0.05)
[INFO] Card rarity: Rolled 0.89008194, need < 0.040000003 for rare (offset = -0.05)
[INFO] Card rarity: Rolled 0.88493395, need < 0.040000003 for rare (offset = -0.05)
[INFO] Unloading 7 missed cache assets
[INFO] Preloading 'Merchant Room' assets... count=1 vfx=0
[INFO] Preloading 'Merchant Room' Complete: assets=1 time_elapsed=111ms
[INFO] [DiceTheSpireCore] Could not find power image path: res://DiceTheSpireCore\images\powers\shock_power.png
[INFO] Player vote changed for 1: ->MapVote (gen: 2 coord: (5, 11))
[INFO] Wrote 117487 bytes to path=user://steam/76561199045178842/modded/profile1\saves\progress.save save_dir=user://steam/76561199045178842
[INFO] Wrote 117487 bytes to modded/profile1/saves/progress.save in steam remote store
[INFO] Wrote 116433 bytes to path=user://steam/76561199045178842/modded/profile1\saves\current_run.save save_dir=user://steam/76561199045178842
[INFO] Wrote 116433 bytes to modded/profile1/saves/current_run.save in steam remote store
[INFO] Preloading 'RestSite Room' assets... count=3 vfx=2
[INFO] Preloading 'RestSite Room' Complete: assets=5 time_elapsed=196ms
[WARN] Asset not cached: res://scenes/ui/map_point_history_hover_tip.tscn
[INFO] Player vote changed for 1: ->MapVote (gen: 2 coord: (6, 12))
[INFO] Wrote 117487 bytes to path=user://steam/76561199045178842/modded/profile1\saves\progress.save save_dir=user://steam/76561199045178842
[INFO] Wrote 117487 bytes to modded/profile1/saves/progress.save in steam remote store
[INFO] Wrote 117201 bytes to path=user://steam/76561199045178842/modded/profile1\saves\current_run.save save_dir=user://steam/76561199045178842
[INFO] Wrote 117201 bytes to modded/profile1/saves/current_run.save in steam remote store
[INFO] Unloading 1 missed cache assets
[INFO] Preloading 'Combat Room' assets... count=8 vfx=0
[INFO] Preloading 'Combat Room' Complete: assets=8 time_elapsed=147ms
[INFO] Creating NCombatRoom with mode=ActiveCombat encounter=ENTOMANCER_ELITE.
[WARN] Asset not cached: res://images/powers/dexterity_power.png
[WARN] Asset not cached: res://images/powers/personal_hive_power.png
[WARN] Asset not cached: res://scenes/ui/card_hover_tip.tscn
[INFO] Player 1 playing card THEINVENTOR-PUPPY_PAWS (no target)
[INFO] Player 1 playing card THEINVENTOR-REMOTE_CONTROL (targeting Entomancer (index 1))
[INFO] Player 1 playing card THEINVENTOR-LAMENT (targeting Entomancer (index 1))
[WARN] Asset not cached: res://DiceTheSpireCore\images\powers\big\freeze_power.png
[WARN] Asset not cached: res://images/powers/block_next_turn_power.png
[INFO] Monster ENTOMANCER performing move BEES_MOVE
[INFO] [DiceTheSpireCore] Could not find power image path: res://DiceTheSpireCore\images\powers\shock_power.png
[INFO] Player 1 playing card THEINVENTOR-LAMENT (targeting Entomancer (index 1))
[INFO] [DiceTheSpireCore] Could not find power image path: res://DiceTheSpireCore\images\powers\shock_power.png
[INFO] Player 1 playing card THEINVENTOR-ELECTRIC_WHIP (no target)
[INFO] [DiceTheSpireCore] Could not find power image path: res://DiceTheSpireCore\images\powers\shock_power.png
[WARN] Asset not cached: res://DiceTheSpireCore\images\powers\big\power.png
[INFO] Monster ENTOMANCER performing move SPEAR_MOVE
[WARN] Asset not cached: res://images/powers/strength_power.png
[INFO] Player 1 playing card THEINVENTOR-LIGHTER (no target)
[INFO] [TheInventor] Could not find power image path: res://TheInventor\images\powers\lighter_power.png
[WARN] Asset not cached: res://TheInventor\images\powers\big\power.png
[INFO] [DiceTheSpireCore] Could not find power image path: res://DiceTheSpireCore\images\powers\shock_power.png
[INFO] [TheInventor] Could not find power image path: res://TheInventor\images\powers\lighter_power.png
[INFO] Player 1 chose cards [THEINVENTOR-CAPACITOR,THEINVENTOR-BUZZER]
[WARN] Asset not cached: res://images/powers/poison_power.png
[WARN] Asset not cached: res://images/powers/pikcube-jinx_power.png
[INFO] [DiceTheSpireCore] Could not find power image path: res://DiceTheSpireCore\images\powers\shock_power.png
[INFO] Player 1 chose cards [THEINVENTOR-SCRAP_STRIKE]
[INFO] Wrote 118294 bytes to path=user://steam/76561199045178842/modded/profile1\saves\current_run.save save_dir=user://steam/76561199045178842
[INFO] Wrote 118294 bytes to modded/profile1/saves/current_run.save in steam remote store
[INFO] CHARACTER.THEINVENTOR-THE_INVENTOR fought ENCOUNTER.ENTOMANCER_ELITE for the first time and WON >:)
[INFO] CHARACTER.THEINVENTOR-THE_INVENTOR fought MONSTER.ENTOMANCER for the first time and WON >:(
[INFO] Wrote 117747 bytes to path=user://steam/76561199045178842/modded/profile1\saves\progress.save save_dir=user://steam/76561199045178842
[INFO] Wrote 117747 bytes to modded/profile1/saves/progress.save in steam remote store
[INFO] Card rarity: Rolled 0.46042094, need < 0.05 for rare (offset = -0.05)
[INFO] Card rarity: Rolled 0.8623049, need < 0.060000002 for rare (offset = -0.04)
[INFO] Card rarity: Rolled 0.86783534, need < 0.07 for rare (offset = -0.03)
[WARN] Asset not cached: res://images/relics/permafrost.png
[INFO] Player 1 obtained 41 gold from reward
[INFO] Player 1 obtained RELIC.PERMAFROST from relic reward
[INFO] Player 1 selected card reward
[INFO] Player 1 obtained CARD.THEINVENTOR-SCRAP_DEFEND from card reward
[INFO] Player vote changed for 1: ->MapVote (gen: 2 coord: (6, 13))
[INFO] Wrote 117819 bytes to path=user://steam/76561199045178842/modded/profile1\saves\progress.save save_dir=user://steam/76561199045178842
[INFO] Wrote 117819 bytes to modded/profile1/saves/progress.save in steam remote store
[INFO] Wrote 120038 bytes to path=user://steam/76561199045178842/modded/profile1\saves\current_run.save save_dir=user://steam/76561199045178842
[INFO] Wrote 120038 bytes to modded/profile1/saves/current_run.save in steam remote store
[INFO] Unloading 11 missed cache assets
[INFO] Preloading 'Combat Room' assets... count=8 vfx=0
[INFO] Preloading 'Combat Room' Complete: assets=8 time_elapsed=129ms
[INFO] Creating NCombatRoom with mode=ActiveCombat encounter=OVICOPTER_NORMAL.
[WARN] Asset not cached: res://images/powers/dexterity_power.png
[INFO] Player 1 playing card THEINVENTOR-CHANGE_MACHINE (no target)
[INFO] Player 1 chose cards [THEINVENTOR-SNOWFLAKE]
[WARN] Asset not cached: res://images/powers/block_next_turn_power.png
[INFO] Monster OVICOPTER performing move LAY_EGGS_MOVE
[WARN] Asset not cached: res://scenes/creature_visuals/tough_egg.tscn
[WARN] Asset not cached: res://images/powers/hatch_power.png
[WARN] Asset not cached: res://images/powers/minion_power.png
[INFO] Player 1 playing card THEINVENTOR-LIGHTER (no target)
[WARN] Asset not cached: res://images/powers/strength_power.png
[INFO] [TheInventor] Could not find power image path: res://TheInventor\images\powers\lighter_power.png
[WARN] Asset not cached: res://TheInventor\images\powers\big\power.png
[INFO] [TheInventor] Could not find power image path: res://TheInventor\images\powers\lighter_power.png
[INFO] Player 1 playing card THEINVENTOR-SCREWDRIVER (no target)
[INFO] [TheInventor] Could not find power image path: res://TheInventor\images\powers\screwdriver_power.png
[INFO] Player 1 chose cards []
[INFO] Monster TOUGH_EGG performing move HATCH_MOVE
[INFO] Monster TOUGH_EGG performing move HATCH_MOVE
[INFO] Monster TOUGH_EGG performing move HATCH_MOVE
[INFO] Monster OVICOPTER performing move SMASH_MOVE
[INFO] [TheInventor] Could not find power image path: res://TheInventor\images\powers\lighter_power.png
[INFO] [TheInventor] Could not find power image path: res://TheInventor\images\powers\screwdriver_power.png
[INFO] Player 1 playing card THEINVENTOR-PUPPY_PAWS (no target)
[INFO] Player 1 playing card THEINVENTOR-LAMENT (targeting Hatchling (index 1))
[WARN] Asset not cached: res://DiceTheSpireCore\images\powers\big\freeze_power.png
[WARN] Asset not cached: res://images/powers/pikcube-jinx_power.png
[INFO] Monster TOUGH_EGG performing move NIBBLE_MOVE
[INFO] Monster TOUGH_EGG performing move NIBBLE_MOVE
[INFO] Monster OVICOPTER performing move TENDERIZER_MOVE
[WARN] Asset not cached: res://images/powers/vulnerable_power.png
[INFO] [DiceTheSpireCore] Could not find power image path: res://DiceTheSpireCore\images\powers\shock_power.png
[INFO] [DiceTheSpireCore] Could not find power image path: res://DiceTheSpireCore\images\powers\shock_power.png
[INFO] [DiceTheSpireCore] Could not find power image path: res://DiceTheSpireCore\images\powers\shock_power.png
[INFO] Player 1 playing card THEINVENTOR-KEYBLADE (targeting Ovicopter (index 3))
[INFO] [DiceTheSpireCore] Could not find power image path: res://DiceTheSpireCore\images\powers\shock_power.png
[INFO] Player 1 playing card THEINVENTOR-LAMENT (targeting Hatchling (index 2))
[INFO] [DiceTheSpireCore] Could not find power image path: res://DiceTheSpireCore\images\powers\shock_power.png
[INFO] Player 1 playing card THEINVENTOR-ELECTRIC_WHIP (no target)
[INFO] [DiceTheSpireCore] Could not find power image path: res://DiceTheSpireCore\images\powers\shock_power.png
[WARN] Asset not cached: res://DiceTheSpireCore\images\powers\big\power.png
[INFO] Monster OVICOPTER performing move LAY_EGGS_MOVE
[INFO] Player 1 playing card THEINVENTOR-LAMENT (targeting Ovicopter (index 4))
[INFO] [TheInventor] Could not find power image path: res://TheInventor\images\powers\lighter_power.png
[INFO] [TheInventor] Could not find power image path: res://TheInventor\images\powers\screwdriver_power.png
[INFO] [TheInventor] Could not find power image path: res://TheInventor\images\powers\screwdriver_power.png
[INFO] Player 1 playing card THEINVENTOR-CHANGE_MACHINE (no target)
[INFO] Player 1 chose cards [THEINVENTOR-THIS_IS_FINE]
[INFO] Player 1 chose cards [THEINVENTOR-LAMENT]
[INFO] [DiceTheSpireCore] Could not find power image path: res://DiceTheSpireCore\images\powers\shock_power.png
[WARN] Asset not cached: res://images/powers/poison_power.png
[INFO] Monster TOUGH_EGG performing move HATCH_MOVE
[INFO] Monster OVICOPTER performing move SMASH_MOVE
[INFO] Player 1 chose cards [THEINVENTOR-SCRAP_DEFEND]
[INFO] Wrote 121175 bytes to path=user://steam/76561199045178842/modded/profile1\saves\current_run.save save_dir=user://steam/76561199045178842
[INFO] Wrote 121175 bytes to modded/profile1/saves/current_run.save in steam remote store
[INFO] CHARACTER.THEINVENTOR-THE_INVENTOR fought ENCOUNTER.OVICOPTER_NORMAL for the first time and WON >:)
[INFO] CHARACTER.THEINVENTOR-THE_INVENTOR fought MONSTER.OVICOPTER for the first time and WON >:(
[INFO] CHARACTER.THEINVENTOR-THE_INVENTOR fought MONSTER.TOUGH_EGG for the first time and WON >:(
[INFO] Wrote 118309 bytes to path=user://steam/76561199045178842/modded/profile1\saves\progress.save save_dir=user://steam/76561199045178842
[INFO] Wrote 118309 bytes to modded/profile1/saves/progress.save in steam remote store
[INFO] Card rarity: Rolled 0.35649732, need < 0.01 for rare (offset = -0.02)
[INFO] Card rarity: Rolled 0.22654665, need < 0.02 for rare (offset = -0.01)
[INFO] Card rarity: Rolled 0.7234104, need < 0.03 for rare (offset = 0)
[INFO] Player 1 obtained 16 gold from reward
[INFO] Player 1 discarding potion WEAK_POTION
[INFO] Player 1 obtained POTION.FORTIFIER from potion reward
[INFO] Player 1 selected card reward
[INFO] Player 1 obtained CARD.THEINVENTOR-MOSQUITO_BITE from card reward
[INFO] Player vote changed for 1: ->MapVote (gen: 2 coord: (6, 14))
[INFO] Wrote 118387 bytes to path=user://steam/76561199045178842/modded/profile1\saves\progress.save save_dir=user://steam/76561199045178842
[INFO] Wrote 118387 bytes to modded/profile1/saves/progress.save in steam remote store
[INFO] Wrote 122982 bytes to path=user://steam/76561199045178842/modded/profile1\saves\current_run.save save_dir=user://steam/76561199045178842
[INFO] Wrote 122982 bytes to modded/profile1/saves/current_run.save in steam remote store
[INFO] Unloading 12 missed cache assets
[INFO] Preloading 'RestSite Room' assets... count=3 vfx=2
[INFO] Preloading 'RestSite Room' Complete: assets=5 time_elapsed=146ms
[INFO] Player vote changed for 1: ->MapVote (gen: 2 coord: (3, 15))
[INFO] Wrote 118387 bytes to path=user://steam/76561199045178842/modded/profile1\saves\progress.save save_dir=user://steam/76561199045178842
[INFO] Wrote 118387 bytes to modded/profile1/saves/progress.save in steam remote store
[INFO] Wrote 123751 bytes to path=user://steam/76561199045178842/modded/profile1\saves\current_run.save save_dir=user://steam/76561199045178842
[INFO] Wrote 123751 bytes to modded/profile1/saves/current_run.save in steam remote store
[INFO] Preloading 'Combat Room' assets... count=14 vfx=1
[INFO] Preloading 'Combat Room' Complete: assets=15 time_elapsed=230ms
[INFO] Creating NCombatRoom with mode=ActiveCombat encounter=KAISER_CRAB_BOSS.
[WARN] Asset not cached: res://images/powers/dexterity_power.png
[WARN] Asset not cached: res://images/powers/back_attack_left_power.png
[WARN] Asset not cached: res://images/powers/crab_rage_power.png
[WARN] Asset not cached: res://images/powers/surrounded_power.png
[WARN] Asset not cached: res://images/powers/back_attack_right_power.png
[INFO] Player 1 playing card THEINVENTOR-REMOTE_CONTROL (targeting Crusher (index 1))
[INFO] Player 1 playing card THEINVENTOR-CHANGE_MACHINE (no target)
[INFO] Player 1 chose cards [THEINVENTOR-SCORPION]
[WARN] Asset not cached: res://images/powers/block_next_turn_power.png
[INFO] Monster CRUSHER performing move THRASH_MOVE
cannot find sfx path: event:/sfx/enemy/enemy_attacks/kaiser_crab/kaiser_crab_attack_slam
[INFO] Monster ROCKET performing move TARGETING_RETICLE_MOVE
cannot find sfx path: event:/sfx/enemy/enemy_attacks/rocket/rocket_attack
[WARN] Asset not cached: res://images/powers/vulnerable_power.png
[INFO] Player 1 using potion POWER_POTION (targeting The Inventor (index 0))
[WARN] Asset not cached: res://TheInventor\images\charui/text_energy.png
[INFO] Player 1 chose cards [THEINVENTOR-LEATHER_ARMOR]
[INFO] Player 1 playing card THEINVENTOR-LEATHER_ARMOR (no target)
[WARN] Asset not cached: res://DiceTheSpireCore\images\powers\big\reduce_power.png
[INFO] Player 1 playing card THEINVENTOR-SCREWDRIVER (no target)
[INFO] [TheInventor] Could not find power image path: res://TheInventor\images\powers\screwdriver_power.png
[WARN] Asset not cached: res://TheInventor\images\powers\big\power.png
[INFO] Player 1 playing card THEINVENTOR-LAMENT (targeting Rocket (index 2))
[WARN] Asset not cached: res://DiceTheSpireCore\images\powers\big\freeze_power.png
[INFO] Player 1 playing card THEINVENTOR-MOSQUITO_BITE (targeting Rocket (index 2))
[INFO] Monster CRUSHER performing move ENLARGING_STRIKE_MOVE
[INFO] Monster ROCKET performing move PRECISION_BEAM_MOVE
cannot find sfx path: event:/sfx/enemy/enemy_attacks/rocket/rocket_attack
[WARN] Asset not cached: res://images/powers/strength_power.png
[WARN] Asset not cached: res://images/powers/poison_power.png
[INFO] [DiceTheSpireCore] Could not find power image path: res://DiceTheSpireCore\images\powers\shock_power.png
[INFO] [TheInventor] Could not find power image path: res://TheInventor\images\powers\screwdriver_power.png
[INFO] Player 1 playing card THEINVENTOR-SNEEZE (no target)
[INFO] [TheInventor] Could not find power image path: res://TheInventor\images\powers\screwdriver_power.png
[INFO] [DiceTheSpireCore] Could not find power image path: res://DiceTheSpireCore\images\powers\sneeze_power.png
[WARN] Asset not cached: res://DiceTheSpireCore\images\powers\big\power.png
[INFO] [TheInventor] Could not find power image path: res://TheInventor\images\powers\screwdriver_power.png
[INFO] [DiceTheSpireCore] Could not find power image path: res://DiceTheSpireCore\images\powers\sneeze_power.png
[INFO] [DiceTheSpireCore] Could not find power image path: res://DiceTheSpireCore\images\powers\shock_power.png
[INFO] [DiceTheSpireCore] Could not find power image path: res://DiceTheSpireCore\images\powers\sneeze_power.png
[INFO] Player 1 playing card THEINVENTOR-KEYBLADE (targeting Crusher (index 1))
[INFO] Player 1 chose cards [THEINVENTOR-BUZZER]
[INFO] [TheInventor] Could not find power image path: res://TheInventor\images\powers\screwdriver_power.png
[INFO] [DiceTheSpireCore] Could not find power image path: res://DiceTheSpireCore\images\powers\sneeze_power.png
[INFO] [DiceTheSpireCore] Could not find power image path: res://DiceTheSpireCore\images\powers\shock_power.png
[INFO] Player 1 playing card THEINVENTOR-ELECTRIC_WHIP (no target)
[INFO] [DiceTheSpireCore] Could not find power image path: res://DiceTheSpireCore\images\powers\shock_power.png
[INFO] [TheInventor] Could not find power image path: res://TheInventor\images\powers\screwdriver_power.png
[INFO] [DiceTheSpireCore] Could not find power image path: res://DiceTheSpireCore\images\powers\sneeze_power.png
[INFO] [DiceTheSpireCore] Could not find power image path: res://DiceTheSpireCore\images\powers\shock_power.png
[INFO] [TheInventor] Could not find power image path: res://TheInventor\images\powers\screwdriver_power.png
[INFO] [DiceTheSpireCore] Could not find power image path: res://DiceTheSpireCore\images\powers\sneeze_power.png
[INFO] [DiceTheSpireCore] Could not find power image path: res://DiceTheSpireCore\images\powers\shock_power.png
[INFO] [TheInventor] Could not find power image path: res://TheInventor\images\powers\lighter_power.png
[INFO] Player 1 chose cards [THEINVENTOR-BUZZER]
[WARN] Asset not cached: res://images/powers/pikcube-jinx_power.png
[INFO] Monster CRUSHER performing move BUG_STING_MOVE
[WARN] Asset not cached: res://images/powers/weak_power.png
[WARN] Asset not cached: res://images/powers/frail_power.png
[INFO] Monster ROCKET performing move CHARGE_UP_MOVE
[INFO] [TheInventor] Could not find power image path: res://TheInventor\images\powers\screwdriver_power.png
[INFO] [DiceTheSpireCore] Could not find power image path: res://DiceTheSpireCore\images\powers\sneeze_power.png
[INFO] [TheInventor] Could not find power image path: res://TheInventor\images\powers\lighter_power.png
[INFO] [TheInventor] Could not find power image path: res://TheInventor\images\powers\screwdriver_power.png
[INFO] [DiceTheSpireCore] Could not find power image path: res://DiceTheSpireCore\images\powers\sneeze_power.png
[INFO] [TheInventor] Could not find power image path: res://TheInventor\images\powers\lighter_power.png
[INFO] [TheInventor] Could not find power image path: res://TheInventor\images\powers\screwdriver_power.png
[INFO] [DiceTheSpireCore] Could not find power image path: res://DiceTheSpireCore\images\powers\sneeze_power.png
[INFO] [TheInventor] Could not find power image path: res://TheInventor\images\powers\lighter_power.png
[INFO] [TheInventor] Could not find power image path: res://TheInventor\images\powers\screwdriver_power.png
[INFO] [DiceTheSpireCore] Could not find power image path: res://DiceTheSpireCore\images\powers\sneeze_power.png
[INFO] [TheInventor] Could not find power image path: res://TheInventor\images\powers\lighter_power.png
[INFO] [TheInventor] Could not find power image path: res://TheInventor\images\powers\screwdriver_power.png
[INFO] [DiceTheSpireCore] Could not find power image path: res://DiceTheSpireCore\images\powers\sneeze_power.png
[INFO] [TheInventor] Could not find power image path: res://TheInventor\images\powers\lighter_power.png
[INFO] Player 1 using potion BLOCK_POTION (targeting The Inventor (index 0))
[INFO] [TheInventor] Could not find power image path: res://TheInventor\images\powers\screwdriver_power.png
[INFO] [DiceTheSpireCore] Could not find power image path: res://DiceTheSpireCore\images\powers\sneeze_power.png
[INFO] [TheInventor] Could not find power image path: res://TheInventor\images\powers\lighter_power.png
[INFO] [TheInventor] Could not find power image path: res://TheInventor\images\powers\screwdriver_power.png
[INFO] [DiceTheSpireCore] Could not find power image path: res://DiceTheSpireCore\images\powers\sneeze_power.png
[INFO] [TheInventor] Could not find power image path: res://TheInventor\images\powers\lighter_power.png
[INFO] [TheInventor] Could not find power image path: res://TheInventor\images\powers\screwdriver_power.png
[INFO] [DiceTheSpireCore] Could not find power image path: res://DiceTheSpireCore\images\powers\sneeze_power.png
[INFO] [TheInventor] Could not find power image path: res://TheInventor\images\powers\lighter_power.png
[INFO] Player 1 using potion FORTIFIER (targeting The Inventor (index 0))
[INFO] [DiceTheSpireCore] Could not find power image path: res://DiceTheSpireCore\images\powers\sneeze_power.png
[INFO] Player 1 playing card THEINVENTOR-LAMENT (targeting Rocket (index 2))
[INFO] [DiceTheSpireCore] Could not find power image path: res://DiceTheSpireCore\images\powers\sneeze_power.png
[INFO] [TheInventor] Could not find power image path: res://TheInventor\images\powers\screwdriver_power.png
[INFO] [DiceTheSpireCore] Could not find power image path: res://DiceTheSpireCore\images\powers\sneeze_power.png
[INFO] [TheInventor] Could not find power image path: res://TheInventor\images\powers\lighter_power.png
[INFO] Player 1 playing card THEINVENTOR-PUPPY_PAWS (no target)
[INFO] [TheInventor] Could not find power image path: res://TheInventor\images\powers\screwdriver_power.png
[INFO] [DiceTheSpireCore] Could not find power image path: res://DiceTheSpireCore\images\powers\sneeze_power.png
[INFO] [TheInventor] Could not find power image path: res://TheInventor\images\powers\lighter_power.png
[INFO] [TheInventor] Could not find power image path: res://TheInventor\images\powers\screwdriver_power.png
[INFO] [DiceTheSpireCore] Could not find power image path: res://DiceTheSpireCore\images\powers\sneeze_power.png
[INFO] [TheInventor] Could not find power image path: res://TheInventor\images\powers\lighter_power.png
[INFO] [TheInventor] Could not find power image path: res://TheInventor\images\powers\screwdriver_power.png
[INFO] [DiceTheSpireCore] Could not find power image path: res://DiceTheSpireCore\images\powers\sneeze_power.png
[INFO] [TheInventor] Could not find power image path: res://TheInventor\images\powers\lighter_power.png
[INFO] [TheInventor] Could not find power image path: res://TheInventor\images\powers\screwdriver_power.png
[INFO] [DiceTheSpireCore] Could not find power image path: res://DiceTheSpireCore\images\powers\sneeze_power.png
[INFO] [TheInventor] Could not find power image path: res://TheInventor\images\powers\lighter_power.png
[INFO] Monster CRUSHER performing move ADAPT_MOVE
[INFO] Monster ROCKET performing move LASER_MOVE
cannot find sfx path: event:/sfx/enemy/enemy_attacks/rocket/rocket_attack
[WARN] Asset not cached: res://images/powers/shrink_power.png
[WARN] Asset not cached: res://images/powers/doom_power.png
[INFO] [TheInventor] Could not find power image path: res://TheInventor\images\powers\screwdriver_power.png
[INFO] [DiceTheSpireCore] Could not find power image path: res://DiceTheSpireCore\images\powers\sneeze_power.png
[INFO] [TheInventor] Could not find power image path: res://TheInventor\images\powers\lighter_power.png
[INFO] [TheInventor] Could not find power image path: res://TheInventor\images\powers\screwdriver_power.png
[INFO] [DiceTheSpireCore] Could not find power image path: res://DiceTheSpireCore\images\powers\sneeze_power.png
[INFO] [TheInventor] Could not find power image path: res://TheInventor\images\powers\lighter_power.png
[INFO] [TheInventor] Could not find power image path: res://TheInventor\images\powers\screwdriver_power.png
[INFO] [DiceTheSpireCore] Could not find power image path: res://DiceTheSpireCore\images\powers\sneeze_power.png
[INFO] [TheInventor] Could not find power image path: res://TheInventor\images\powers\lighter_power.png
[INFO] Player 1 playing card THEINVENTOR-LAMENT (targeting Crusher (index 1))
[INFO] Monster CRUSHER performing move GUARDED_STRIKE_MOVE
[INFO] Monster ROCKET performing move RECHARGE_MOVE
[INFO] [TheInventor] Could not find power image path: res://TheInventor\images\powers\screwdriver_power.png
[INFO] [DiceTheSpireCore] Could not find power image path: res://DiceTheSpireCore\images\powers\sneeze_power.png
[INFO] [TheInventor] Could not find power image path: res://TheInventor\images\powers\lighter_power.png
[INFO] [TheInventor] Could not find power image path: res://TheInventor\images\powers\screwdriver_power.png
[INFO] [DiceTheSpireCore] Could not find power image path: res://DiceTheSpireCore\images\powers\sneeze_power.png
[INFO] [TheInventor] Could not find power image path: res://TheInventor\images\powers\lighter_power.png
[INFO] [TheInventor] Could not find power image path: res://TheInventor\images\powers\screwdriver_power.png
[INFO] [DiceTheSpireCore] Could not find power image path: res://DiceTheSpireCore\images\powers\sneeze_power.png
[INFO] [TheInventor] Could not find power image path: res://TheInventor\images\powers\lighter_power.png
[INFO] [TheInventor] Could not find power image path: res://TheInventor\images\powers\screwdriver_power.png
[INFO] [DiceTheSpireCore] Could not find power image path: res://DiceTheSpireCore\images\powers\sneeze_power.png
[INFO] [TheInventor] Could not find power image path: res://TheInventor\images\powers\lighter_power.png
[INFO] [DiceTheSpireCore] Could not find power image path: res://DiceTheSpireCore\images\powers\shock_power.png
[INFO] [TheInventor] Could not find power image path: res://TheInventor\images\powers\screwdriver_power.png
[INFO] [DiceTheSpireCore] Could not find power image path: res://DiceTheSpireCore\images\powers\sneeze_power.png
[INFO] [TheInventor] Could not find power image path: res://TheInventor\images\powers\lighter_power.png
[INFO] [TheInventor] Could not find power image path: res://TheInventor\images\powers\screwdriver_power.png
[INFO] [DiceTheSpireCore] Could not find power image path: res://DiceTheSpireCore\images\powers\sneeze_power.png
[INFO] [TheInventor] Could not find power image path: res://TheInventor\images\powers\lighter_power.png
[INFO] Player 1 playing card THEINVENTOR-KEYBLADE (targeting Rocket (index 2))
[INFO] Player 1 chose cards [THEINVENTOR-CAPACITOR]
[INFO] Player 1 playing card THEINVENTOR-MOSQUITO_BITE (targeting Rocket (index 2))
[INFO] [TheInventor] Could not find power image path: res://TheInventor\images\powers\screwdriver_power.png
[INFO] [DiceTheSpireCore] Could not find power image path: res://DiceTheSpireCore\images\powers\sneeze_power.png
[INFO] [TheInventor] Could not find power image path: res://TheInventor\images\powers\lighter_power.png
[INFO] [DiceTheSpireCore] Could not find power image path: res://DiceTheSpireCore\images\powers\shock_power.png
[INFO] [TheInventor] Could not find power image path: res://TheInventor\images\powers\screwdriver_power.png
[INFO] [DiceTheSpireCore] Could not find power image path: res://DiceTheSpireCore\images\powers\sneeze_power.png
[INFO] [TheInventor] Could not find power image path: res://TheInventor\images\powers\lighter_power.png
[INFO] [TheInventor] Could not find power image path: res://TheInventor\images\powers\screwdriver_power.png
[INFO] [DiceTheSpireCore] Could not find power image path: res://DiceTheSpireCore\images\powers\sneeze_power.png
[INFO] [TheInventor] Could not find power image path: res://TheInventor\images\powers\lighter_power.png
[INFO] [TheInventor] Could not find power image path: res://TheInventor\images\powers\screwdriver_power.png
[INFO] [DiceTheSpireCore] Could not find power image path: res://DiceTheSpireCore\images\powers\sneeze_power.png
[INFO] [TheInventor] Could not find power image path: res://TheInventor\images\powers\lighter_power.png
[INFO] [TheInventor] Could not find power image path: res://TheInventor\images\powers\screwdriver_power.png
[INFO] [DiceTheSpireCore] Could not find power image path: res://DiceTheSpireCore\images\powers\shock_power.png
[INFO] [TheInventor] Could not find power image path: res://TheInventor\images\powers\screwdriver_power.png
[INFO] [DiceTheSpireCore] Could not find power image path: res://DiceTheSpireCore\images\powers\sneeze_power.png
[INFO] [TheInventor] Could not find power image path: res://TheInventor\images\powers\lighter_power.png
[INFO] Player 1 playing card THEINVENTOR-ELECTRIC_WHIP (no target)
[INFO] [DiceTheSpireCore] Could not find power image path: res://DiceTheSpireCore\images\powers\shock_power.png
[INFO] [DiceTheSpireCore] Could not find power image path: res://DiceTheSpireCore\images\powers\sneeze_power.png
[INFO] [DiceTheSpireCore] Could not find power image path: res://DiceTheSpireCore\images\powers\shock_power.png
[INFO] Player 1 chose cards [THEINVENTOR-SNEEZE]
[INFO] Wrote 124812 bytes to path=user://steam/76561199045178842/modded/profile1\saves\current_run.save save_dir=user://steam/76561199045178842
[INFO] Wrote 124812 bytes to modded/profile1/saves/current_run.save in steam remote store
[INFO] CHARACTER.THEINVENTOR-THE_INVENTOR fought ENCOUNTER.KAISER_CRAB_BOSS for the first time and WON >:)
[INFO] CHARACTER.THEINVENTOR-THE_INVENTOR fought MONSTER.CRUSHER for the first time and WON >:(
[INFO] CHARACTER.THEINVENTOR-THE_INVENTOR fought MONSTER.ROCKET for the first time and WON >:(
[INFO] Wrote 118947 bytes to path=user://steam/76561199045178842/modded/profile1\saves\progress.save save_dir=user://steam/76561199045178842
[INFO] Wrote 118947 bytes to modded/profile1/saves/progress.save in steam remote store
[INFO] Card rarity: Rolled 0.95747495, need < 1 for rare (offset = 0)
[INFO] Card rarity: Rolled 0.26147434, need < 1 for rare (offset = 0)
[INFO] Card rarity: Rolled 0.5100323, need < 1 for rare (offset = 0)
[INFO] Player 1 obtained 100 gold from reward
[INFO] Player 1 selected card reward
[INFO] [DiceTheSpireCore] Could not find power image path: res://DiceTheSpireCore\images\powers\shock_power.png
[INFO] Player 1 obtained CARD.THEINVENTOR-BLAST_CHILLER from card reward
[INFO] [ActChangeSynchronizer] Local player ready to move to next act
[INFO] [ActChangeSynchronizer] All players ready to move to next act, beginning transition
[INFO] Preloading 'Act=GLORY' assets... count=8 vfx=0
[INFO] Preloading 'Act=GLORY' Complete: assets=8 time_elapsed=79ms
[INFO] Player vote changed for 1: ->MapVote (gen: 3 coord: (3, 0))
[INFO] Wrote 118986 bytes to path=user://steam/76561199045178842/modded/profile1\saves\progress.save save_dir=user://steam/76561199045178842
[INFO] Wrote 118986 bytes to modded/profile1/saves/progress.save in steam remote store
[INFO] Wrote 122286 bytes to path=user://steam/76561199045178842/modded/profile1\saves\current_run.save save_dir=user://steam/76561199045178842
[INFO] Wrote 122286 bytes to modded/profile1/saves/current_run.save in steam remote store
[INFO] Unloading 19 missed cache assets
[INFO] Preloading 'Event Room' assets... count=2 vfx=0
[INFO] Preloading 'Event Room' Complete: assets=2 time_elapsed=130ms
[WARN] Asset not cached: res://images/atlases/intent_atlas.sprites/intent_stun.tres
[INFO] [BaseLib] Checking for additional interactions with TANX
[WARN] Asset not cached: res://scenes/events/ancient_dialogue_line.tscn
[WARN] Asset not cached: res://TheInventor\images\charui/text_energy.png
[WARN] Asset not cached: res://scenes/ui/card_hover_tip.tscn
[INFO] AtlasManager: Loaded compressed_atlas with 55 sprites
[INFO] Wrote 118986 bytes to path=user://steam/76561199045178842/modded/profile1\saves\progress.save save_dir=user://steam/76561199045178842
[INFO] Wrote 118986 bytes to modded/profile1/saves/progress.save in steam remote store
[INFO] Wrote 124247 bytes to path=user://steam/76561199045178842/modded/profile1\saves\current_run.save save_dir=user://steam/76561199045178842
[INFO] Wrote 124247 bytes to modded/profile1/saves/current_run.save in steam remote store
[INFO] Player vote changed for 1: ->MapVote (gen: 3 coord: (0, 1))
[INFO] Wrote 118986 bytes to path=user://steam/76561199045178842/modded/profile1\saves\progress.save save_dir=user://steam/76561199045178842
[INFO] Wrote 118986 bytes to modded/profile1/saves/progress.save in steam remote store
[INFO] Wrote 124565 bytes to path=user://steam/76561199045178842/modded/profile1\saves\current_run.save save_dir=user://steam/76561199045178842
[INFO] Wrote 124565 bytes to modded/profile1/saves/current_run.save in steam remote store
[INFO] Unloading 4 missed cache assets
[INFO] Preloading 'Combat Room' assets... count=8 vfx=0
[INFO] Preloading 'Combat Room' Complete: assets=8 time_elapsed=163ms
[INFO] Creating NCombatRoom with mode=ActiveCombat encounter=SCROLLS_OF_BITING_WEAK.
[WARN] Asset not cached: res://images/powers/dexterity_power.png
[WARN] Asset not cached: res://images/powers/paper_cuts_power.png
[INFO] Player 1 playing card THEINVENTOR-PUPPY_PAWS (no target)
[INFO] Player 1 playing card THEINVENTOR-SCREWDRIVER (no target)
[INFO] [TheInventor] Could not find power image path: res://TheInventor\images\powers\screwdriver_power.png
[WARN] Asset not cached: res://TheInventor\images\powers\big\power.png
[INFO] Player 1 playing card THEINVENTOR-MOSQUITO_BITE (targeting Scroll of Biting (index 1))
[INFO] [TheInventor] Could not find power image path: res://TheInventor\images\powers\screwdriver_power.png
[INFO] Monster SCROLL_OF_BITING performing move CHOMP
[INFO] Monster SCROLL_OF_BITING performing move CHEW
[INFO] Player 1 playing card THEINVENTOR-CROSSBOW (targeting Scroll of Biting (index 2))
[INFO] Player 1 chose cards [THEINVENTOR-CAPACITOR]
[INFO] [TheInventor] Could not find power image path: res://TheInventor\images\powers\screwdriver_power.png
[INFO] [TheInventor] Could not find power image path: res://TheInventor\images\powers\screwdriver_power.png
[INFO] Player 1 playing card THEINVENTOR-REMOTE_CONTROL (targeting Scroll of Biting (index 1))
[INFO] [TheInventor] Could not find power image path: res://TheInventor\images\powers\screwdriver_power.png
[INFO] Player 1 playing card THEINVENTOR-SPANNER (no target)
[INFO] Player 1 chose cards [THEINVENTOR-BLAST_CHILLER,THEINVENTOR-SCORPION]
[INFO] Player 1 playing card THEINVENTOR-CROSSBOW (targeting Scroll of Biting (index 1))
[INFO] Player 1 chose cards [THEINVENTOR-SPANNER]
[INFO] Wrote 125780 bytes to path=user://steam/76561199045178842/modded/profile1\saves\current_run.save save_dir=user://steam/76561199045178842
[INFO] Wrote 125780 bytes to modded/profile1/saves/current_run.save in steam remote store
[INFO] CHARACTER.THEINVENTOR-THE_INVENTOR fought ENCOUNTER.SCROLLS_OF_BITING_WEAK for the first time and WON >:)
[INFO] CHARACTER.THEINVENTOR-THE_INVENTOR fought MONSTER.SCROLL_OF_BITING for the first time and WON >:(
[INFO] Wrote 119246 bytes to path=user://steam/76561199045178842/modded/profile1\saves\progress.save save_dir=user://steam/76561199045178842
[INFO] Wrote 119246 bytes to modded/profile1/saves/progress.save in steam remote store
[INFO] Card rarity: Rolled 0.4185472, need < -0.020000001 for rare (offset = -0.05)
[INFO] Card rarity: Rolled 0.9738689, need < -0.01 for rare (offset = -0.04)
[INFO] Card rarity: Rolled 0.52013844, need < 0 for rare (offset = -0.03)
[INFO] Player 1 obtained 17 gold from reward
[INFO] Player 1 selected card reward
[INFO] Player 1 obtained CARD.THEINVENTOR-HARD_HAT from card reward
[INFO] Player vote changed for 1: ->MapVote (gen: 3 coord: (0, 2))
[INFO] Wrote 119327 bytes to path=user://steam/76561199045178842/modded/profile1\saves\progress.save save_dir=user://steam/76561199045178842
[INFO] Wrote 119327 bytes to modded/profile1/saves/progress.save in steam remote store
[INFO] Wrote 127280 bytes to path=user://steam/76561199045178842/modded/profile1\saves\current_run.save save_dir=user://steam/76561199045178842
[INFO] Wrote 127280 bytes to modded/profile1/saves/current_run.save in steam remote store
[INFO] Unloading 3 missed cache assets
[INFO] Preloading 'Event Room' assets... count=1 vfx=0
[INFO] Preloading 'Event Room' Complete: assets=1 time_elapsed=430ms
[WARN] Asset not cached: res://images/relics/fake_mango.png
[WARN] Asset not cached: res://images/relics/fake_lees_waffle.png
[WARN] Asset not cached: res://images/relics/fake_venerable_tea_set.png
[WARN] Asset not cached: res://images/relics/fake_orichalcum.png
[WARN] Asset not cached: res://images/relics/fake_happy_flower.png
[WARN] Asset not cached: res://images/relics/fake_anchor.png
[INFO] Player vote changed for 1: ->MapVote (gen: 3 coord: (0, 3))
[INFO] Wrote 119327 bytes to path=user://steam/76561199045178842/modded/profile1\saves\progress.save save_dir=user://steam/76561199045178842
[INFO] Wrote 119327 bytes to modded/profile1/saves/progress.save in steam remote store
[INFO] Wrote 128045 bytes to path=user://steam/76561199045178842/modded/profile1\saves\current_run.save save_dir=user://steam/76561199045178842
[INFO] Wrote 128045 bytes to modded/profile1/saves/current_run.save in steam remote store
[INFO] Card rarity: Rolled 0.009571977, need < 0.07000001 for rare (offset = -0.02)
[INFO] Card rarity: Rolled 0.91127855, need < 0.07000001 for rare (offset = -0.02)
[INFO] Card rarity: Rolled 0.9349862, need < 0.07000001 for rare (offset = -0.02)
[INFO] Card rarity: Rolled 0.6295263, need < 0.07000001 for rare (offset = -0.02)
[INFO] Card rarity: Rolled 0.076716326, need < 0.07000001 for rare (offset = -0.02)
[INFO] Unloading 6 missed cache assets
[INFO] Preloading 'Merchant Room' assets... count=1 vfx=0
[INFO] Preloading 'Merchant Room' Complete: assets=1 time_elapsed=112ms
[INFO] Player vote changed for 1: ->MapVote (gen: 3 coord: (1, 4))
[INFO] Wrote 119327 bytes to path=user://steam/76561199045178842/modded/profile1\saves\progress.save save_dir=user://steam/76561199045178842
[INFO] Wrote 119327 bytes to modded/profile1/saves/progress.save in steam remote store
[INFO] Wrote 131854 bytes to path=user://steam/76561199045178842/modded/profile1\saves\current_run.save save_dir=user://steam/76561199045178842
[INFO] Wrote 131854 bytes to modded/profile1/saves/current_run.save in steam remote store
[INFO] Preloading 'Combat Room' assets... count=9 vfx=0
[INFO] Preloading 'Combat Room' Complete: assets=9 time_elapsed=162ms
[INFO] Creating NCombatRoom with mode=ActiveCombat encounter=TURRET_OPERATOR_WEAK.
[WARN] Asset not cached: res://images/powers/dexterity_power.png
[WARN] Asset not cached: res://images/powers/rampart_power.png
[INFO] [DiceTheSpireCore] Could not find power image path: res://DiceTheSpireCore\images\powers\shock_power.png
[INFO] [DiceTheSpireCore] Could not find power image path: res://DiceTheSpireCore\images\powers\shock_power.png
[INFO] [DiceTheSpireCore] Could not find power image path: res://DiceTheSpireCore\images\powers\shock_power.png
[INFO] [DiceTheSpireCore] Could not find power image path: res://DiceTheSpireCore\images\powers\shock_power.png
[INFO] [DiceTheSpireCore] Could not find power image path: res://DiceTheSpireCore\images\powers\shock_power.png
[INFO] Player 1 playing card THEINVENTOR-SHOVEL (targeting Turret Operator (index 2))
[WARN] Asset not cached: res://images/powers/weak_power.png
[INFO] Player 1 playing card THEINVENTOR-PUPPY_PAWS (no target)
[INFO] [DiceTheSpireCore] Could not find power image path: res://DiceTheSpireCore\images\powers\shock_power.png
[INFO] [DiceTheSpireCore] Could not find power image path: res://DiceTheSpireCore\images\powers\shock_power.png
[INFO] [DiceTheSpireCore] Could not find power image path: res://DiceTheSpireCore\images\powers\shock_power.png
[INFO] Player 1 playing card THEINVENTOR-REMOTE_CONTROL (targeting Turret Operator (index 2))
[INFO] [DiceTheSpireCore] Could not find power image path: res://DiceTheSpireCore\images\powers\shock_power.png
[INFO] Player 1 playing card THEINVENTOR-ELECTRIC_WHIP (no target)
[INFO] [DiceTheSpireCore] Could not find power image path: res://DiceTheSpireCore\images\powers\shock_power.png
[WARN] Asset not cached: res://DiceTheSpireCore\images\powers\big\power.png
[INFO] [DiceTheSpireCore] Could not find power image path: res://DiceTheSpireCore\images\powers\shock_power.png
[WARN] Asset not cached: res://images/powers/block_next_turn_power.png
[INFO] Monster LIVING_SHIELD performing move SHIELD_SLAM_MOVE
cannot find sfx path: event:/sfx/enemy/enemy_attacks/living_shield/living_shield_attack
[INFO] Monster TURRET_OPERATOR performing move UNLOAD_MOVE
[WARN] Asset not cached: res://images/powers/poison_power.png
[INFO] Player 1 playing card THEINVENTOR-LAMENT (targeting Turret Operator (index 2))
[WARN] Asset not cached: res://DiceTheSpireCore\images\powers\big\freeze_power.png
[INFO] Player 1 playing card THEINVENTOR-LIGHTER (no target)
[WARN] Asset not cached: res://images/powers/strength_power.png
[INFO] [TheInventor] Could not find power image path: res://TheInventor\images\powers\lighter_power.png
[WARN] Asset not cached: res://TheInventor\images\powers\big\power.png
[INFO] Player 1 playing card THEINVENTOR-HARD_HAT (no target)
[INFO] Player 1 chose cards [THEINVENTOR-THIS_IS_FINE]
[INFO] Player 1 playing card THEINVENTOR-CHANGE_MACHINE (no target)
[INFO] Player 1 chose cards [THEINVENTOR-KEYBLADE]
[INFO] Player 1 chose cards [THEINVENTOR-BLAST_CHILLER]
[INFO] [DiceTheSpireCore] Could not find power image path: res://DiceTheSpireCore\images\powers\shock_power.png
[INFO] Player 1 chose cards [THEINVENTOR-LIGHTNING_ROD]
[INFO] Wrote 132999 bytes to path=user://steam/76561199045178842/modded/profile1\saves\current_run.save save_dir=user://steam/76561199045178842
[INFO] Wrote 132999 bytes to modded/profile1/saves/current_run.save in steam remote store
[INFO] CHARACTER.THEINVENTOR-THE_INVENTOR fought ENCOUNTER.TURRET_OPERATOR_WEAK for the first time and WON >:)
[INFO] CHARACTER.THEINVENTOR-THE_INVENTOR fought MONSTER.LIVING_SHIELD for the first time and WON >:(
[INFO] CHARACTER.THEINVENTOR-THE_INVENTOR fought MONSTER.TURRET_OPERATOR for the first time and WON >:(
[INFO] Wrote 119717 bytes to path=user://steam/76561199045178842/modded/profile1\saves\progress.save save_dir=user://steam/76561199045178842
[INFO] Wrote 119717 bytes to modded/profile1/saves/progress.save in steam remote store
[INFO] Card rarity: Rolled 0.72267973, need < 0.01 for rare (offset = -0.02)
[INFO] Card rarity: Rolled 0.49263462, need < 0.02 for rare (offset = -0.01)
[INFO] Card rarity: Rolled 0.9364295, need < 0.03 for rare (offset = 0)
[INFO] Player 1 obtained 17 gold from reward
[INFO] Player 1 selected card reward
[INFO] Player 1 obtained CARD.THEINVENTOR-SNOWFLAKE from card reward
[INFO] Player vote changed for 1: ->MapVote (gen: 3 coord: (0, 5))
[INFO] Wrote 119755 bytes to path=user://steam/76561199045178842/modded/profile1\saves\progress.save save_dir=user://steam/76561199045178842
[INFO] Wrote 119755 bytes to modded/profile1/saves/progress.save in steam remote store
[INFO] Wrote 134491 bytes to path=user://steam/76561199045178842/modded/profile1\saves\current_run.save save_dir=user://steam/76561199045178842
[INFO] Wrote 134491 bytes to modded/profile1/saves/current_run.save in steam remote store
[INFO] Unloading 9 missed cache assets
[INFO] Preloading 'Event Room' assets... count=2 vfx=1
[INFO] Preloading 'Event Room' Complete: assets=3 time_elapsed=80ms
[WARN] Asset not cached: res://scenes/ui/card_hover_tip.tscn
[INFO] Player vote changed for 1: ->MapVote (gen: 3 coord: (0, 6))
[INFO] Wrote 119755 bytes to path=user://steam/76561199045178842/modded/profile1\saves\progress.save save_dir=user://steam/76561199045178842
[INFO] Wrote 119755 bytes to modded/profile1/saves/progress.save in steam remote store
[INFO] Wrote 136548 bytes to path=user://steam/76561199045178842/modded/profile1\saves\current_run.save save_dir=user://steam/76561199045178842
[INFO] Wrote 136548 bytes to modded/profile1/saves/current_run.save in steam remote store
[INFO] Unloading 1 missed cache assets
[INFO] Preloading 'RestSite Room' assets... count=3 vfx=2
[INFO] Preloading 'RestSite Room' Complete: assets=5 time_elapsed=164ms
[INFO] Player 1 chose cards [THEINVENTOR-CHAINSAW]
[INFO] Player vote changed for 1: ->MapVote (gen: 3 coord: (0, 7))
[INFO] Wrote 119755 bytes to path=user://steam/76561199045178842/modded/profile1\saves\progress.save save_dir=user://steam/76561199045178842
[INFO] Wrote 119755 bytes to modded/profile1/saves/progress.save in steam remote store
[INFO] Wrote 137447 bytes to path=user://steam/76561199045178842/modded/profile1\saves\current_run.save save_dir=user://steam/76561199045178842
[INFO] Wrote 137447 bytes to modded/profile1/saves/current_run.save in steam remote store
[INFO] Preloading 'Treasure Room' assets... count=2 vfx=0
[INFO] Preloading 'Treasure Room' Complete: assets=2 time_elapsed=80ms
[INFO] Player vote changed for 1: ->MapVote (gen: 3 coord: (0, 8))
[INFO] Wrote 119755 bytes to path=user://steam/76561199045178842/modded/profile1\saves\progress.save save_dir=user://steam/76561199045178842
[INFO] Wrote 119755 bytes to modded/profile1/saves/progress.save in steam remote store
[INFO] Wrote 137954 bytes to path=user://steam/76561199045178842/modded/profile1\saves\current_run.save save_dir=user://steam/76561199045178842
[INFO] Wrote 137954 bytes to modded/profile1/saves/current_run.save in steam remote store
[INFO] Preloading 'Event Room' assets... count=2 vfx=1
[INFO] Preloading 'Event Room' Complete: assets=3 time_elapsed=79ms
[INFO] Player vote changed for 1: ->MapVote (gen: 3 coord: (0, 9))
[INFO] Wrote 119755 bytes to path=user://steam/76561199045178842/modded/profile1\saves\progress.save save_dir=user://steam/76561199045178842
[INFO] Wrote 119755 bytes to modded/profile1/saves/progress.save in steam remote store
[INFO] Wrote 139915 bytes to path=user://steam/76561199045178842/modded/profile1\saves\current_run.save save_dir=user://steam/76561199045178842
[INFO] Wrote 139915 bytes to modded/profile1/saves/current_run.save in steam remote store
[INFO] Preloading 'Combat Room' assets... count=9 vfx=0
[INFO] Preloading 'Combat Room' Complete: assets=9 time_elapsed=147ms
[INFO] Creating NCombatRoom with mode=ActiveCombat encounter=FROG_KNIGHT_NORMAL.
[WARN] Asset not cached: res://images/powers/dexterity_power.png
[WARN] Asset not cached: res://images/powers/plating_power.png
[INFO] [DiceTheSpireCore] Could not find power image path: res://DiceTheSpireCore\images\powers\shock_power.png
[INFO] [DiceTheSpireCore] Could not find power image path: res://DiceTheSpireCore\images\powers\shock_power.png
[INFO] [DiceTheSpireCore] Could not find power image path: res://DiceTheSpireCore\images\powers\shock_power.png
[INFO] Player 1 playing card THEINVENTOR-REMOTE_CONTROL (targeting Frog Knight (index 1))
[INFO] [DiceTheSpireCore] Could not find power image path: res://DiceTheSpireCore\images\powers\shock_power.png
[INFO] [DiceTheSpireCore] Could not find power image path: res://DiceTheSpireCore\images\powers\shock_power.png
[INFO] Player 1 playing card THEINVENTOR-CHAINSAW (no target)
[INFO] [DiceTheSpireCore] Could not find power image path: res://DiceTheSpireCore\images\powers\shock_power.png
[INFO] [DiceTheSpireCore] Could not find power image path: res://DiceTheSpireCore\images\powers\shock_power.png
[WARN] Asset not cached: res://images/powers/block_next_turn_power.png
[INFO] Monster FROG_KNIGHT performing move TONGUE_LASH
[WARN] Asset not cached: res://images/powers/frail_power.png
[INFO] Player 1 chose cards [THEINVENTOR-CAPACITOR]
[INFO] Player 1 playing card THEINVENTOR-SCREWDRIVER (no target)
[INFO] [TheInventor] Could not find power image path: res://TheInventor\images\powers\screwdriver_power.png
[WARN] Asset not cached: res://TheInventor\images\powers\big\power.png
[INFO] [TheInventor] Could not find power image path: res://TheInventor\images\powers\screwdriver_power.png
[INFO] [TheInventor] Could not find power image path: res://TheInventor\images\powers\screwdriver_power.png
[INFO] [TheInventor] Could not find power image path: res://TheInventor\images\powers\screwdriver_power.png
[INFO] Player 1 playing card THEINVENTOR-CROSSBOW (targeting Frog Knight (index 1))
[INFO] Player 1 chose cards [THEINVENTOR-THIS_IS_FINE]
[INFO] Player 1 playing card THEINVENTOR-LAMENT (targeting Frog Knight (index 1))
[WARN] Asset not cached: res://DiceTheSpireCore\images\powers\big\freeze_power.png
[INFO] Player 1 playing card THEINVENTOR-MOSQUITO_BITE (targeting Frog Knight (index 1))
[INFO] Player 1 chose cards []
[INFO] [DiceTheSpireCore] Could not find power image path: res://DiceTheSpireCore\images\powers\shock_power.png
[INFO] Player 1 chose cards [THEINVENTOR-BLAST_CHILLER]
[INFO] Player 1 chose cards [THEINVENTOR-BUZZER]
[INFO] Monster FROG_KNIGHT performing move STRIKE_DOWN_EVIL
[WARN] Asset not cached: res://images/powers/strength_power.png
[INFO] Player 1 chose cards [THEINVENTOR-SNOWFLAKE]
[INFO] Player 1 chose cards [THEINVENTOR-PUPPY_PAWS]
[INFO] [TheInventor] Could not find power image path: res://TheInventor\images\powers\screwdriver_power.png
[INFO] DevConsole: open logs
[INFO] MuteInBackground: FocusOut received [tween=False, windowFocused=False]
[INFO] Limiting background FPS to 30
